// Background  160 x 128  (RGB565)
const uint16_t Background[] PROGMEM = {
  0xEE33, 0xEE33, 0xEE33, 0xEE33, 0xEE33, 0xEE33, 0xEE33, 0xEE33, 0xEE33, 0xEE33, 0xEE33, 0xEE33,
  0xEE33, 0xEE33, 0xEE33, 0xEE33, 0xEE33, 0xEE33, 0xEE33, 0xEE33, 0xEE33, 0xEE33, 0xEE33, 0xEE33,
  0xEE33, 0xEE33, 0xEE33, 0xEE33, 0xEE33, 0xEE33, 0xEE33, 0xEE33, 0xEE33, 0xEE33, 0xEE33, 0xEE33,
  0xEE33, 0xEE33, 0xEE33, 0xEE33, 0xEE33, 0xEE33, 0xEE33, 0xE734, 0xEE33, 0xEE33, 0xEE33, 0xEE33,
  0xEE33, 0xEE33, 0xEE33, 0xEE33, 0xEE33, 0xEE33, 0xEE33, 0xEE33, 0xEE33, 0xEE33, 0xEE33, 0xEE33,
  0xEE33, 0xEE33, 0xEE33, 0xEE33, 0xEE33, 0xEE33, 0xEE33, 0xEE33, 0xEE33, 0xEE33, 0xEE33, 0xEE33,
  0xEE33, 0xEE33, 0xEE33, 0xEE33, 0xEE33, 0xEE33, 0xEE33, 0xEE33, 0xEE33, 0xEE33, 0xEE33, 0xEE33,
  0xEE33, 0xEE33, 0xEE33, 0xEE33, 0xEE33, 0xEE33, 0xEE33, 0xEE33, 0xEE33, 0xEE33, 0xEE33, 0xEE33,
  0xEE33, 0xEE33, 0xEE33, 0xC638, 0xEE33, 0xE734, 0xE734, 0xE734, 0xE734, 0xE734, 0xE734, 0xE734,
  0xE734, 0xE734, 0xE734, 0xE734, 0xE734, 0xE734, 0xE734, 0xEE33, 0xE734, 0xE734, 0xEE33, 0xEE33,
  0xEE33, 0xE734, 0xC638, 0xC638, 0xC638, 0xC638, 0xC638, 0xC638, 0xC638, 0xEE33, 0xEE33, 0xEE33,
  0xEE33, 0xEE33, 0xEE33, 0xEE33, 0xEE33, 0xEE33, 0xEE33, 0xEE33, 0xEE33, 0xEE33, 0xE734, 0xEE33,
  0xEE33, 0xEE33, 0xEE33, 0xEE33, 0xEE33, 0xEE33, 0xEE33, 0xEE33, 0xEE33, 0xEE33, 0xEE33, 0xEE33,
  0xEE33, 0xEE33, 0xEE33, 0xEE33, 0xEE33, 0xEE33, 0xEE33, 0xEE33, 0xEE33, 0xEE33, 0xEE33, 0xEE33,
  0xEE33, 0xEE33, 0xEE33, 0xEE33, 0xEE33, 0xEE33, 0xEE33, 0xEE33, 0xEE33, 0xEE33, 0xEE33, 0xEE33,
  0xEE33, 0xEE33, 0xEE33, 0xEE33, 0xEE33, 0xEE33, 0xEE33, 0xEE33, 0xEE33, 0xEE33, 0xEE33, 0xEE33,
  0xEE33, 0xEE33, 0xEE33, 0xEE33, 0xEE33, 0xEE33, 0xEE33, 0xEE33, 0xEE33, 0xEE33, 0xEE33, 0xE734,
  0xEE33, 0xEE33, 0xEE33, 0xEE33, 0xEE33, 0xEE33, 0xEE33, 0xEE33, 0xEE33, 0xEE33, 0xEE33, 0xEE33,
  0xEE33, 0xEE33, 0xEE33, 0xEE33, 0xEE33, 0xEE33, 0xEE33, 0xEE33, 0xEE33, 0xEE33, 0xEE33, 0xEE33,
  0xEE33, 0xEE33, 0xEE33, 0xEE33, 0xEE33, 0xEE33, 0xEE33, 0xEE33, 0xEE33, 0xEE33, 0xEE33, 0xEE33,
  0xEE33, 0xEE33, 0xEE33, 0xEE33, 0xEE33, 0xEE33, 0xEE33, 0xEE33, 0xEE33, 0xEE33, 0xEE33, 0xEE33,
  0xEE33, 0xEE33, 0xEE33, 0xEE33, 0xEE33, 0xEE33, 0xEE33, 0xC638, 0xE734, 0xC638, 0xC638, 0xC638,
  0xC638, 0xC638, 0xC638, 0xC638, 0xC638, 0xC638, 0xC638, 0xC638, 0xC638, 0xC638, 0xC638, 0xE734,
  0xC638, 0xC638, 0xE734, 0xEE33, 0xEE33, 0xE734, 0xC638, 0xC638, 0xC638, 0xC638, 0xC638, 0xC638,
  0xC638, 0xEE33, 0xEE33, 0xEE33, 0xEE33, 0xEE33, 0xEE33, 0xEE33, 0xEE33, 0xEE33, 0xEE33, 0xEE33,
  0xEE33, 0xEE33, 0xE734, 0xEE33, 0xEE33, 0xEE33, 0xEE33, 0xEE33, 0xEE33, 0xEE33, 0xEE33, 0xEE33,
  0xEE33, 0xEE33, 0xEE33, 0xEE33, 0xEE33, 0xEE33, 0xEE33, 0xEE33, 0xEE33, 0xEE33, 0xEE33, 0xEE33,
  0xEE33, 0xEE33, 0xEE33, 0xEE33, 0xEE33, 0xEE33, 0xEE33, 0xEE33, 0xEE33, 0xEE33, 0xEE33, 0xEE33,
  0xEE33, 0xEE33, 0xEE33, 0xEE33, 0xEE33, 0xEE33, 0xEE33, 0xEE33, 0xEE33, 0xEE33, 0xEE33, 0xEE33,
  0xEE33, 0xEE33, 0xEE33, 0xEE33, 0xEE33, 0xEE33, 0xEE33, 0xEE33, 0xEE33, 0xEE33, 0xEE33, 0xEE33,
  0xEE33, 0xEE33, 0xEE33, 0xE734, 0xEE33, 0xEE33, 0xEE33, 0xEE33, 0xEE33, 0xEE33, 0xEE33, 0xEE33,
  0xEE33, 0xEE33, 0xEE33, 0xEE33, 0xEE33, 0xEE33, 0xEE33, 0xEE33, 0xEE33, 0xEE33, 0xEE33, 0xEE33,
  0xEE33, 0xEE33, 0xEE33, 0xEE33, 0xEE33, 0xEE33, 0xEE33, 0xEE33, 0xEE33, 0xEE33, 0xEE33, 0xEE33,
  0xEE33, 0xEE33, 0xEE33, 0xEE33, 0xEE33, 0xEE33, 0xEE33, 0xEE33, 0xEE33, 0xEE33, 0xEE33, 0xEE33,
  0xEE33, 0xEE33, 0xEE33, 0xEE33, 0xEE33, 0xEE33, 0xEE33, 0xEE33, 0xEE33, 0xEE33, 0xEE33, 0xC638,
  0xE734, 0xC638, 0xC638, 0xC638, 0xC638, 0xC638, 0xC638, 0xC638, 0xC638, 0xC638, 0xC638, 0xC638,
  0xC638, 0xC638, 0xC638, 0xE734, 0xC638, 0xC638, 0xE734, 0xEE33, 0xEE33, 0xE734, 0xC638, 0xC638,
  0xC638, 0xC638, 0xC638, 0xC638, 0xC638, 0xEE33, 0xEE33, 0xEE33, 0xEE33, 0xEE33, 0xEE33, 0xEE33,
  0xEE33, 0xEE33, 0xEE33, 0xEE33, 0xEE33, 0xEE33, 0xE734, 0xEE33, 0xEE33, 0xEE33, 0xEE33, 0xEE33,
  0xEE33, 0xEE33, 0xEE33, 0xEE33, 0xEE33, 0xEE33, 0xEE33, 0xEE33, 0xEE33, 0xEE33, 0xEE33, 0xEE33,
  0xEE33, 0xEE33, 0xEE33, 0xEE33, 0xEE33, 0xEE33, 0xEE33, 0xEE33, 0xEE33, 0xEE33, 0xEE33, 0xEE33,
  0xEE33, 0xEE33, 0xEE33, 0xEE33, 0xEE33, 0xEE33, 0xEE33, 0xEE33, 0xEE33, 0xEE33, 0xEE33, 0xEE33,
  0xEE33, 0xEE33, 0xEE33, 0xEE33, 0xEE33, 0xEE33, 0xEE33, 0xEE33, 0xEE33, 0xEE33, 0xEE33, 0xEE33,
  0xEE33, 0xEE33, 0xEE33, 0xEE33, 0xEE33, 0xEE33, 0xEE33, 0xE734, 0xEE33, 0xEE33, 0xEE33, 0xEE33,
  0xEE33, 0xEE33, 0xEE33, 0xEE33, 0xEE33, 0xEE33, 0xEE33, 0xEE33, 0xEE33, 0xEE33, 0xEE33, 0xEE33,
  0xEE33, 0xEE33, 0xEE33, 0xEE33, 0xEE33, 0xEE33, 0xEE33, 0xEE33, 0xEE33, 0xEE33, 0xEE33, 0xEE33,
  0xEE33, 0xEE33, 0xEE33, 0xEE33, 0xEE33, 0xEE33, 0xEE33, 0xEE33, 0xEE33, 0xEE33, 0xEE33, 0xEE33,
  0xEE33, 0xEE33, 0xEE33, 0xEE33, 0xEE33, 0xEE33, 0xEE33, 0xEE33, 0xEE33, 0xEE33, 0xEE33, 0xEE33,
  0xEE33, 0xEE33, 0xEE33, 0xC638, 0xE734, 0xC638, 0xC638, 0xC638, 0xC638, 0xC638, 0xC638, 0xC638,
  0xC638, 0xC638, 0xC638, 0xC638, 0xC638, 0xC638, 0xC638, 0xE734, 0xC638, 0xC638, 0xE734, 0xEE33,
  0xEE33, 0xE734, 0xC638, 0xC638, 0xC638, 0xC638, 0xC638, 0xC638, 0xC638, 0xEE33, 0xEE33, 0xEE33,
  0xEE33, 0xEE33, 0xEE33, 0xEE33, 0xEE33, 0xEE33, 0xEE33, 0xEE33, 0xEE33, 0xEE33, 0xE734, 0xEE33,
  0xEE33, 0xEE33, 0xEE33, 0xEE33, 0xEE33, 0xEE33, 0xEE33, 0xEE33, 0xEE33, 0xEE33, 0xEE33, 0xEE33,
  0xEE33, 0xEE33, 0xEE33, 0xEE33, 0xEE33, 0xEE33, 0xEE33, 0xEE33, 0xEE33, 0xEE33, 0xEE33, 0xEE33,
  0xEE33, 0xEE33, 0xEE33, 0xEE33, 0xEE33, 0xEE33, 0xEE33, 0xEE33, 0xEE33, 0xEE33, 0xEE33, 0xEE33,
  0xEE33, 0xEE33, 0xEE33, 0xEE33, 0xEE33, 0xEE33, 0xEE33, 0xEE33, 0xEE33, 0xEE33, 0xEE33, 0xEE33,
  0xEE33, 0xEE33, 0xEE33, 0xEE33, 0xEE33, 0xEE33, 0xEE33, 0xEE33, 0xEE33, 0xEE33, 0xEE33, 0xE734,
  0xEE33, 0xEE33, 0xEE33, 0xEE33, 0xEE33, 0xEE33, 0xEE33, 0xEE33, 0xEE33, 0xEE33, 0xEE33, 0xEE33,
  0xEE33, 0xEE33, 0xEE33, 0xEE33, 0xEE33, 0xEE33, 0xEE33, 0xEE33, 0xEE33, 0xEE33, 0xEE33, 0xEE33,
  0xEE33, 0xEE33, 0xEE33, 0xEE33, 0xEE33, 0xEE33, 0xEE33, 0xEE33, 0xEE33, 0xEE33, 0xEE33, 0xEE33,
  0xEE33, 0xEE33, 0xEE33, 0xEE33, 0xEE33, 0xEE33, 0xEE33, 0xEE33, 0xEE33, 0xEE33, 0xEE33, 0xEE33,
  0xEE33, 0xEE33, 0xEE33, 0xEE33, 0xEE33, 0xEE33, 0xEE33, 0xC638, 0xE734, 0xC638, 0xC638, 0xC638,
  0xC638, 0xC638, 0xC638, 0xC638, 0xC638, 0xC638, 0xC638, 0xC638, 0xC638, 0xC638, 0xC638, 0xE734,
  0xC638, 0xC638, 0xE734, 0xEE33, 0xEE33, 0xE734, 0xC638, 0xC638, 0xC638, 0xC638, 0xC638, 0xC638,
  0xC638, 0xEE33, 0xEE33, 0xEE33, 0xEE33, 0xEE33, 0xEE33, 0xEE33, 0xEE33, 0xEE33, 0xEE33, 0xEE33,
  0xEE33, 0xEE33, 0xE734, 0xEE33, 0xEE33, 0xEE33, 0xEE33, 0xEE33, 0xEE33, 0xEE33, 0xEE33, 0xEE33,
  0xEE33, 0xEE33, 0xEE33, 0xEE33, 0xEE33, 0xEE33, 0xEE33, 0xEE33, 0xEE33, 0xEE33, 0xEE33, 0xEE33,
  0xEE33, 0xEE33, 0xEE33, 0xEE33, 0xEE33, 0xEE33, 0xEE33, 0xEE33, 0xEE33, 0xEE33, 0xEE33, 0xEE33,
  0xEE33, 0xEE33, 0xEE33, 0xEE33, 0xEE33, 0xEE33, 0xEE33, 0xEE33, 0xEE33, 0xEE33, 0xEE33, 0xEE33,
  0xEE33, 0xEE33, 0xEE33, 0xEE33, 0xEE33, 0xEE33, 0xEE33, 0xEE33, 0xEE33, 0xEE33, 0xEE33, 0xEE33,
  0xEE33, 0xEE33, 0xEE33, 0xE734, 0xE734, 0xE734, 0xE734, 0xE734, 0xE734, 0xE734, 0xE734, 0xE734,
  0xE734, 0xE734, 0xE734, 0xE734, 0xE734, 0xE734, 0xE734, 0xE734, 0xE734, 0xE734, 0xEE33, 0xEE33,
  0xEE33, 0xEE33, 0xEE33, 0xEE33, 0xEE33, 0xEE33, 0xEE33, 0xEE33, 0xEE33, 0xEE33, 0xEE33, 0xEE33,
  0xEE33, 0xEE33, 0xEE33, 0xEE33, 0xEE33, 0xEE33, 0xEE33, 0xEE33, 0xEE33, 0xEE33, 0xEE33, 0xEE33,
  0xEE33, 0xEE33, 0xEE33, 0xE734, 0xEE33, 0xEE33, 0xEE33, 0xEE33, 0xEE33, 0xEE33, 0xEE33, 0xC638,
  0xE734, 0xC638, 0xC638, 0xC638, 0xC638, 0xC638, 0xC638, 0xC638, 0xC638, 0xC638, 0xC638, 0xC638,
  0xC638, 0xC638, 0xC638, 0xE734, 0xC638, 0xC638, 0xE734, 0xEE33, 0xEE33, 0xE734, 0xC638, 0xC638,
  0xC638, 0xC638, 0xC638, 0xC638, 0xC638, 0xEE33, 0xEE33, 0xEE33, 0xEE33, 0xEE33, 0xEE33, 0xEE33,
  0xEE33, 0xEE33, 0xEE33, 0xEE33, 0xEE33, 0xEE33, 0xE734, 0xEE33, 0xEE33, 0xEE33, 0xEE33, 0xEE33,
  0xEE33, 0xEE33, 0xEE33, 0xEE33, 0xEE33, 0xEE33, 0xEE33, 0xEE33, 0xEE33, 0xEE33, 0xEE33, 0xEE33,
  0xEE33, 0xEE33, 0xEE33, 0xEE33, 0xEE33, 0xEE33, 0xEE33, 0xEE33, 0xEE33, 0xEE33, 0xEE33, 0xEE33,
  0xEE33, 0xEE33, 0xEE33, 0xEE33, 0xEE33, 0xEE33, 0xEE33, 0xEE33, 0xEE33, 0xEE33, 0xEE33, 0xEE33,
  0xEE33, 0xEE33, 0xEE33, 0xEE33, 0xEE33, 0xEE33, 0xEE33, 0xEE33, 0xEE33, 0xEE33, 0xEE33, 0xEE33,
  0xEE33, 0xEE33, 0xEE33, 0xEE33, 0xEE33, 0xEE33, 0xEE33, 0xE734, 0xEE33, 0xEE33, 0xEE33, 0xEE33,
  0xEE33, 0xEE33, 0xEE33, 0xEE33, 0xEE33, 0xEE33, 0xEE33, 0xEE33, 0xEE33, 0xEE33, 0xEE33, 0xEE33,
  0xEE33, 0xEE33, 0xE734, 0xE734, 0xE734, 0xE734, 0xE734, 0xE734, 0xE734, 0xE734, 0xE734, 0xE734,
  0xE734, 0xE734, 0xE734, 0xE734, 0xE734, 0xE734, 0xE734, 0xE734, 0xE734, 0xEE33, 0xEE33, 0xEE33,
  0xEE33, 0xEE33, 0xEE33, 0xEE33, 0xEE33, 0xEE33, 0xE734, 0xEE33, 0xEE33, 0xEE33, 0xEE33, 0xEE33,
  0xEE33, 0xEE33, 0xEE33, 0xC638, 0xE734, 0xC638, 0xC638, 0xC638, 0xC638, 0xC638, 0xC638, 0xC638,
  0xC638, 0xE734, 0xE734, 0xE734, 0xE734, 0xE734, 0xE734, 0xEE33, 0xE734, 0xE734, 0xEE33, 0xEE33,
  0xEE33, 0xE734, 0xC638, 0xC638, 0xC638, 0xC638, 0xC638, 0xC638, 0xC638, 0xEE33, 0xEE33, 0xEE33,
  0xEE33, 0xEE33, 0xEE33, 0xEE33, 0xEE33, 0xEE33, 0xEE33, 0xEE33, 0xEE33, 0xEE33, 0xE734, 0xEE33,
  0xEE33, 0xEE33, 0xEE33, 0xEE33, 0xEE33, 0xEE33, 0xEE33, 0xEE33, 0xEE33, 0xEE33, 0xEE33, 0xEE33,
  0xEE33, 0xEE33, 0xEE33, 0xEE33, 0xEE33, 0xEE33, 0xEE33, 0xEE33, 0xEE33, 0xEE33, 0xEE33, 0xEE33,
  0xEE33, 0xEE33, 0xEE33, 0xEE33, 0xEE33, 0xEE33, 0xEE33, 0xEE33, 0xEE33, 0xEE33, 0xEE33, 0xEE33,
  0xEE33, 0xEE33, 0xEE33, 0xEE33, 0xEE33, 0xEE33, 0xEE33, 0xEE33, 0xEE33, 0xEE33, 0xEE33, 0xEE33,
  0xEE33, 0xEE33, 0xEE33, 0xEE33, 0xEE33, 0xEE33, 0xEE33, 0xEE33, 0xEE33, 0xEE33, 0xEE33, 0xE734,
  0xEE33, 0xEE33, 0xEE33, 0xEE33, 0xEE33, 0xEE33, 0xEE33, 0xEE33, 0xEE33, 0xEE33, 0xEE33, 0xEE33,
  0xEE33, 0xEE33, 0xEE33, 0xEE33, 0xEE33, 0xEE33, 0xEE33, 0xEE33, 0xEE33, 0xEE33, 0xEE33, 0xEE33,
  0xEE33, 0xEE33, 0xEE33, 0xEE33, 0xEE33, 0xEE33, 0xEE33, 0xEE33, 0xEE33, 0xEE33, 0xEE33, 0xEE33,
  0xEE33, 0xE734, 0xEE33, 0xEE33, 0xEE33, 0xEE33, 0xEE33, 0xEE33, 0xEE33, 0xEE33, 0xEE33, 0xEE33,
  0xEE33, 0xEE33, 0xEE33, 0xEE33, 0xEE33, 0xEE33, 0xEE33, 0xC638, 0xEE33, 0xE734, 0xE734, 0xE734,
  0xE734, 0xE734, 0xE734, 0xE734, 0xE734, 0xEE33, 0xEE33, 0xEE33, 0xEE33, 0xEE33, 0xEE33, 0xEE33,
  0xEE33, 0xEE33, 0xE734, 0xEE33, 0xEE33, 0xE734, 0xC638, 0xC638, 0xC638, 0xC638, 0xC638, 0xC638,
  0xC638, 0xEE33, 0xEE33, 0xEE33, 0xEE33, 0xEE33, 0xEE33, 0xEE33, 0xEE33, 0xEE33, 0xEE33, 0xEE33,
  0xEE33, 0xEE33, 0xE734, 0xEE33, 0xEE33, 0xEE33, 0xEE33, 0xEE33, 0xEE33, 0xEE33, 0xEE33, 0xEE33,
  0xEE33, 0xEE33, 0xEE33, 0xEE33, 0xEE33, 0xEE33, 0xEE33, 0xEE33, 0xEE33, 0xEE33, 0xEE33, 0xEE33,
  0xEE33, 0xEE33, 0xEE33, 0xEE33, 0xEE33, 0xEE33, 0xEE33, 0xEE33, 0xEE33, 0xEE33, 0xEE33, 0xEE33,
  0xEE33, 0xEE33, 0xEE33, 0xEE33, 0xEE33, 0xEE33, 0xEE33, 0xEE33, 0xEE33, 0xEE33, 0xEE33, 0xEE33,
  0xEE33, 0xEE33, 0xEE33, 0xEE33, 0xEE33, 0xEE33, 0xEE33, 0xEE33, 0xEE33, 0xEE33, 0xEE33, 0xEE33,
  0xEE33, 0xEE33, 0xEE33, 0xE734, 0xEE33, 0xEE33, 0xEE33, 0xEE33, 0xEE33, 0xEE33, 0xEE33, 0xEE33,
  0xEE33, 0xEE33, 0xEE33, 0xEE33, 0xEE33, 0xEE33, 0xEE33, 0xEE33, 0xEE33, 0xEE33, 0xEE33, 0xEE33,
  0xEE33, 0xEE33, 0xEE33, 0xEE33, 0xEE33, 0xEE33, 0xEE33, 0xEE33, 0xEE33, 0xEE33, 0xEE33, 0xEE33,
  0xEE33, 0xEE33, 0xEE33, 0xEE33, 0xEE33, 0xEE33, 0xE734, 0xEE33, 0xEE33, 0xEE33, 0xEE33, 0xEE33,
  0xEE33, 0xEE33, 0xEE33, 0xEE33, 0xEE33, 0xEE33, 0xEE33, 0xEE33, 0xEE33, 0xEE33, 0xEE33, 0xC638,
  0xEE33, 0xEE33, 0xEE33, 0xEE33, 0xEE33, 0xEE33, 0xEE33, 0xEE33, 0xEE33, 0xEE33, 0xEE33, 0xEE33,
  0xEE33, 0xEE33, 0xEE33, 0xEE33, 0xEE33, 0xEE33, 0xE734, 0xEE33, 0xEE33, 0xE734, 0xC638, 0xC638,
  0xC638, 0xC638, 0xC638, 0xC638, 0xC638, 0xEE33, 0xEE33, 0xEE33, 0xEE33, 0xEE33, 0xEE33, 0xE734,
  0xE734, 0xE734, 0xE734, 0xE734, 0xE734, 0xE734, 0xEE33, 0xEE33, 0xEE33, 0xEE33, 0xEE33, 0xEE33,
  0xEE33, 0xEE33, 0xEE33, 0xEE33, 0xEE33, 0xEE33, 0xEE33, 0xEE33, 0xEE33, 0xEE33, 0xEE33, 0xEE33,
  0xEE33, 0xEE33, 0xEE33, 0xEE33, 0xEE33, 0xEE33, 0xEE33, 0xEE33, 0xEE33, 0xEE33, 0xEE33, 0xEE33,
  0xEE33, 0xEE33, 0xEE33, 0xEE33, 0xEE33, 0xEE33, 0xEE33, 0xEE33, 0xEE33, 0xEE33, 0xE734, 0xEE33,
  0xEE33, 0xEE33, 0xEE33, 0xEE33, 0xEE33, 0xEE33, 0xEE33, 0xEE33, 0xEE33, 0xEE33, 0xEE33, 0xEE33,
  0xEE33, 0xEE33, 0xEE33, 0xEE33, 0xEE33, 0xEE33, 0xEE33, 0xE734, 0xEE33, 0xEE33, 0xEE33, 0xEE33,
  0xEE33, 0xEE33, 0xEE33, 0xEE33, 0xEE33, 0xEE33, 0xEE33, 0xEE33, 0xEE33, 0xEE33, 0xEE33, 0xEE33,
  0xEE33, 0xEE33, 0xEE33, 0xEE33, 0xEE33, 0xEE33, 0xEE33, 0xEE33, 0xEE33, 0xEE33, 0xEE33, 0xEE33,
  0xEE33, 0xEE33, 0xEE33, 0xEE33, 0xEE33, 0xEE33, 0xEE33, 0xEE33, 0xEE33, 0xEE33, 0xEE33, 0xE734,
  0xEE33, 0xEE33, 0xEE33, 0xEE33, 0xEE33, 0xEE33, 0xEE33, 0xEE33, 0xEE33, 0xEE33, 0xEE33, 0xEE33,
  0xEE33, 0xEE33, 0xEE33, 0xC638, 0xEE33, 0xEE33, 0xEE33, 0xEE33, 0xEE33, 0xEE33, 0xEE33, 0xEE33,
  0xEE33, 0xEE33, 0xEE33, 0xEE33, 0xEE33, 0xEE33, 0xEE33, 0xEE33, 0xEE33, 0xEE33, 0xE734, 0xEE33,
  0xEE33, 0xE734, 0xC638, 0xC638, 0xC638, 0xC638, 0xC638, 0xC638, 0xC638, 0xE734, 0xE734, 0xE734,
  0xE734, 0xE734, 0xE734, 0xEE33, 0xEE33, 0xEE33, 0xEE33, 0xEE33, 0xEE33, 0xEE33, 0xE734, 0xEE33,
  0xEE33, 0xEE33, 0xEE33, 0xEE33, 0xEE33, 0xEE33, 0xEE33, 0xEE33, 0xEE33, 0xEE33, 0xEE33, 0xEE33,
  0xEE33, 0xEE33, 0xEE33, 0xEE33, 0xEE33, 0xEE33, 0xEE33, 0xEE33, 0xEE33, 0xEE33, 0xEE33, 0xEE33,
  0xEE33, 0xEE33, 0xEE33, 0xEE33, 0xEE33, 0xEE33, 0xEE33, 0xEE33, 0xEE33, 0xEE33, 0xEE33, 0xEE33,
  0xEE33, 0xE734, 0xEE33, 0xEE33, 0xEE33, 0xEE33, 0xEE33, 0xEE33, 0xEE33, 0xEE33, 0xEE33, 0xEE33,
  0xEE33, 0xEE33, 0xEE33, 0xEE33, 0xEE33, 0xEE33, 0xEE33, 0xEE33, 0xEE33, 0xEE33, 0xEE33, 0xE734,
  0xEE33, 0xEE33, 0xEE33, 0xEE33, 0xEE33, 0xEE33, 0xEE33, 0xEE33, 0xEE33, 0xEE33, 0xEE33, 0xEE33,
  0xEE33, 0xEE33, 0xEE33, 0xEE33, 0xEE33, 0xEE33, 0xEE33, 0xEE33, 0xEE33, 0xEE33, 0xEE33, 0xEE33,
  0xEE33, 0xEE33, 0xEE33, 0xEE33, 0xEE33, 0xEE33, 0xEE33, 0xEE33, 0xEE33, 0xEE33, 0xEE33, 0xEE33,
  0xEE33, 0xEE33, 0xEE33, 0xEE33, 0xE734, 0xEE33, 0xEE33, 0xEE33, 0xEE33, 0xEE33, 0xEE33, 0xEE33,
  0xEE33, 0xEE33, 0xEE33, 0xEE33, 0xEE33, 0xEE33, 0xEE33, 0xC638, 0xEE33, 0xEE33, 0xEE33, 0xEE33,
  0xEE33, 0xEE33, 0xEE33, 0xEE33, 0xEE33, 0xEE33, 0xEE33, 0xE734, 0xE734, 0xE734, 0xE734, 0xEE33,
  0xE734, 0xE734, 0xEE33, 0xEE33, 0xEE33, 0xE734, 0xC638, 0xC638, 0xC638, 0xC638, 0xC638, 0xC638,
  0xC638, 0xEE33, 0xEE33, 0xEE33, 0xEE33, 0xEE33, 0xEE33, 0xEE33, 0xEE33, 0xEE33, 0xEE33, 0xEE33,
  0xEE33, 0xEE33, 0xE734, 0xEE33, 0xEE33, 0xEE33, 0xEE33, 0xEE33, 0xEE33, 0xEE33, 0xEE33, 0xEE33,
  0xEE33, 0xEE33, 0xEE33, 0xEE33, 0xEE33, 0xEE33, 0xEE33, 0xEE33, 0xEE33, 0xEE33, 0xEE33, 0xEE33,
  0xEE33, 0xEE33, 0xEE33, 0xEE33, 0xEE33, 0xEE33, 0xEE33, 0xEE33, 0xEE33, 0xEE33, 0xEE33, 0xEE33,
  0xEE33, 0xEE33, 0xEE33, 0xEE33, 0xEE33, 0xEE33, 0xEE33, 0xEE33, 0xEE33, 0xEE33, 0xEE33, 0xEE33,
  0xEE33, 0xEE33, 0xEE33, 0xEE33, 0xEE33, 0xEE33, 0xEE33, 0xEE33, 0xEE33, 0xEE33, 0xEE33, 0xEE33,
  0xEE33, 0xEE33, 0xEE33, 0xE734, 0xEE33, 0xEE33, 0xEE33, 0xEE33, 0xEE33, 0xEE33, 0xEE33, 0xEE33,
  0xEE33, 0xEE33, 0xEE33, 0xEE33, 0xEE33, 0xEE33, 0xEE33, 0xEE33, 0xEE33, 0xEE33, 0xEE33, 0xEE33,
  0xEE33, 0xEE33, 0xEE33, 0xEE33, 0xEE33, 0xEE33, 0xEE33, 0xEE33, 0xEE33, 0xEE33, 0xEE33, 0xEE33,
  0xEE33, 0xEE33, 0xEE33, 0xEE33, 0xEE33, 0xEE33, 0xEE33, 0xEE33, 0xEE33, 0xE734, 0xEE33, 0xEE33,
  0xEE33, 0xEE33, 0xEE33, 0xEE33, 0xEE33, 0xEE33, 0xEE33, 0xEE33, 0xEE33, 0xEE33, 0xEE33, 0xC638,
  0xEE33, 0xE734, 0xE734, 0xE734, 0xE734, 0xE734, 0xE734, 0xE734, 0xE734, 0xE734, 0xE734, 0xE734,
  0xC638, 0xC638, 0xC638, 0xE734, 0xC638, 0xC638, 0xE734, 0xEE33, 0xEE33, 0xE734, 0xC638, 0xC638,
  0xC638, 0xC638, 0xC638, 0xC638, 0xC638, 0xEE33, 0xEE33, 0xEE33, 0xEE33, 0xEE33, 0xEE33, 0xEE33,
  0xEE33, 0xEE33, 0xEE33, 0xEE33, 0xEE33, 0xEE33, 0xE734, 0xEE33, 0xEE33, 0xEE33, 0xEE33, 0xEE33,
  0xEE33, 0xEE33, 0xEE33, 0xEE33, 0xEE33, 0xEE33, 0xEE33, 0xEE33, 0xEE33, 0xEE33, 0xEE33, 0xEE33,
  0xEE33, 0xEE33, 0xEE33, 0xEE33, 0xEE33, 0xEE33, 0xEE33, 0xEE33, 0xEE33, 0xEE33, 0xEE33, 0xEE33,
  0xEE33, 0xEE33, 0xEE33, 0xEE33, 0xEE33, 0xEE33, 0xEE33, 0xEE33, 0xEE33, 0xEE33, 0xEE33, 0xEE33,
  0xEE33, 0xEE33, 0xEE33, 0xEE33, 0xEE33, 0xEE33, 0xEE33, 0xEE33, 0xEE33, 0xEE33, 0xEE33, 0xEE33,
  0xEE33, 0xEE33, 0xEE33, 0xEE33, 0xEE33, 0xEE33, 0xEE33, 0xE734, 0xEE33, 0xEE33, 0xEE33, 0xEE33,
  0xEE33, 0xEE33, 0xEE33, 0xEE33, 0xEE33, 0xEE33, 0xEE33, 0xEE33, 0xEE33, 0xEE33, 0xEE33, 0xEE33,
  0xEE33, 0xEE33, 0xEE33, 0xEE33, 0xEE33, 0xEE33, 0xEE33, 0xEE33, 0xEE33, 0xEE33, 0xEE33, 0xEE33,
  0xEE33, 0xEE33, 0xEE33, 0xEE33, 0xEE33, 0xEE33, 0xEE33, 0xEE33, 0xEE33, 0xEE33, 0xEE33, 0xEE33,
  0xEE33, 0xEE33, 0xE734, 0xEE33, 0xEE33, 0xEE33, 0xEE33, 0xEE33, 0xEE33, 0xEE33, 0xEE33, 0xEE33,
  0xEE33, 0xEE33, 0xEE33, 0xC638, 0xE734, 0xC638, 0xC638, 0xC638, 0xC638, 0xC638, 0xC638, 0xC638,
  0xC638, 0xC638, 0xC638, 0xC638, 0xC638, 0xC638, 0xC638, 0xE734, 0xC638, 0xC638, 0xE734, 0xEE33,
  0xEE33, 0xE734, 0xC638, 0xC638, 0xC638, 0xC638, 0xC638, 0xC638, 0xC638, 0xEE33, 0xEE33, 0xEE33,
  0xEE33, 0xEE33, 0xEE33, 0xEE33, 0xEE33, 0xEE33, 0xEE33, 0xEE33, 0xEE33, 0xEE33, 0xE734, 0xEE33,
  0xEE33, 0xEE33, 0xEE33, 0xEE33, 0xEE33, 0xEE33, 0xEE33, 0xEE33, 0xE734, 0xEE33, 0xEE33, 0xEE33,
  0xEE33, 0xEE33, 0xEE33, 0xEE33, 0xEE33, 0xEE33, 0xEE33, 0xEE33, 0xEE33, 0xEE33, 0xEE33, 0xEE33,
  0xEE33, 0xEE33, 0xEE33, 0xEE33, 0xEE33, 0xEE33, 0xEE33, 0xEE33, 0xEE33, 0xEE33, 0xEE33, 0xEE33,
  0xEE33, 0xEE33, 0xEE33, 0xEE33, 0xEE33, 0xEE33, 0xEE33, 0xEE33, 0xEE33, 0xEE33, 0xEE33, 0xEE33,
  0xEE33, 0xEE33, 0xEE33, 0xEE33, 0xEE33, 0xEE33, 0xEE33, 0xEE33, 0xEE33, 0xEE33, 0xE734, 0xEE33,
  0xEE33, 0xEE33, 0xEE33, 0xEE33, 0xEE33, 0xEE33, 0xEE33, 0xEE33, 0xEE33, 0xEE33, 0xEE33, 0xEE33,
  0xEE33, 0xEE33, 0xEE33, 0xEE33, 0xEE33, 0xEE33, 0xEE33, 0xEE33, 0xEE33, 0xEE33, 0xEE33, 0xEE33,
  0xEE33, 0xEE33, 0xEE33, 0xEE33, 0xEE33, 0xEE33, 0xEE33, 0xEE33, 0xEE33, 0xEE33, 0xEE33, 0xEE33,
  0xEE33, 0xEE33, 0xEE33, 0xEE33, 0xEE33, 0xEE33, 0xEE33, 0xE734, 0xEE33, 0xEE33, 0xEE33, 0xEE33,
  0xEE33, 0xEE33, 0xEE33, 0xEE33, 0xEE33, 0xEE33, 0xEE33, 0xC638, 0xE734, 0xC638, 0xC638, 0xC638,
  0xC638, 0xC638, 0xC638, 0xC638, 0xC638, 0xC638, 0xC638, 0xC638, 0xC638, 0xC638, 0xC638, 0xE734,
  0xC638, 0xC638, 0xE734, 0xEE33, 0xEE33, 0xE734, 0xC638, 0xC638, 0xC638, 0xC638, 0xC638, 0xC638,
  0xC638, 0xEE33, 0xEE33, 0xEE33, 0xEE33, 0xEE33, 0xEE33, 0xEE33, 0xEE33, 0xEE33, 0xEE33, 0xEE33,
  0xEE33, 0xEE33, 0xEE33, 0xE734, 0xEE33, 0xEE33, 0xEE33, 0xEE33, 0xEE33, 0xEE33, 0xEE33, 0xE734,
  0xEE33, 0xEE33, 0xEE33, 0xEE33, 0xEE33, 0xEE33, 0xEE33, 0xEE33, 0xEE33, 0xEE33, 0xEE33, 0xEE33,
  0xEE33, 0xEE33, 0xEE33, 0xEE33, 0xEE33, 0xEE33, 0xEE33, 0xEE33, 0xEE33, 0xEE33, 0xEE33, 0xEE33,
  0xEE33, 0xEE33, 0xEE33, 0xEE33, 0xEE33, 0xEE33, 0xEE33, 0xEE33, 0xEE33, 0xEE33, 0xEE33, 0xEE33,
  0xEE33, 0xEE33, 0xEE33, 0xEE33, 0xEE33, 0xEE33, 0xEE33, 0xEE33, 0xEE33, 0xEE33, 0xEE33, 0xEE33,
  0xEE33, 0xE734, 0xEE33, 0xEE33, 0xEE33, 0xEE33, 0xEE33, 0xEE33, 0xEE33, 0xEE33, 0xEE33, 0xEE33,
  0xEE33, 0xEE33, 0xEE33, 0xEE33, 0xEE33, 0xEE33, 0xEE33, 0xEE33, 0xEE33, 0xEE33, 0xEE33, 0xEE33,
  0xEE33, 0xEE33, 0xEE33, 0xEE33, 0xEE33, 0xEE33, 0xEE33, 0xEE33, 0xEE33, 0xEE33, 0xEE33, 0xEE33,
  0xEE33, 0xEE33, 0xEE33, 0xEE33, 0xEE33, 0xEE33, 0xEE33, 0xEE33, 0xEE33, 0xEE33, 0xEE33, 0xEE33,
  0xE734, 0xE734, 0xEE33, 0xEE33, 0xEE33, 0xEE33, 0xEE33, 0xEE33, 0xEE33, 0xEE33, 0xEE33, 0xC638,
  0xE734, 0xC638, 0xC638, 0xC638, 0xC638, 0xC638, 0xC638, 0xC638, 0xC638, 0xC638, 0xC638, 0xC638,
  0xC638, 0xC638, 0xC638, 0xE734, 0xC638, 0xC638, 0xE734, 0xEE33, 0xEE33, 0xE734, 0xC638, 0xC638,
  0xC638, 0xC638, 0xC638, 0xC638, 0xC638, 0xEE33, 0xEE33, 0xEE33, 0xEE33, 0xEE33, 0xEE33, 0xEE33,
  0xEE33, 0xEE33, 0xEE33, 0xEE33, 0xEE33, 0xEE33, 0xEE33, 0xE734, 0xEE33, 0xEE33, 0xEE33, 0xEE33,
  0xEE33, 0xEE33, 0xEE33, 0xEE33, 0xEE33, 0xEE33, 0xEE33, 0xEE33, 0xEE33, 0xEE33, 0xEE33, 0xEE33,
  0xEE33, 0xEE33, 0xEE33, 0xEE33, 0xEE33, 0xEE33, 0xEE33, 0xEE33, 0xEE33, 0xEE33, 0xEE33, 0xEE33,
  0xEE33, 0xEE33, 0xEE33, 0xEE33, 0xEE33, 0xEE33, 0xEE33, 0xEE33, 0xEE33, 0xEE33, 0xEE33, 0xEE33,
  0xEE33, 0xEE33, 0xEE33, 0xEE33, 0xEE33, 0xEE33, 0xEE33, 0xEE33, 0xEE33, 0xEE33, 0xEE33, 0xEE33,
  0xEE33, 0xEE33, 0xEE33, 0xEE33, 0xE734, 0xEE33, 0xEE33, 0xEE33, 0xEE33, 0xEE33, 0xEE33, 0xEE33,
  0xEE33, 0xEE33, 0xEE33, 0xEE33, 0xEE33, 0xEE33, 0xEE33, 0xEE33, 0xEE33, 0xEE33, 0xEE33, 0xEE33,
  0xEE33, 0xEE33, 0xEE33, 0xEE33, 0xEE33, 0xEE33, 0xEE33, 0xEE33, 0xEE33, 0xEE33, 0xEE33, 0xEE33,
  0xEE33, 0xEE33, 0xEE33, 0xEE33, 0xEE33, 0xEE33, 0xEE33, 0xEE33, 0xEE33, 0xEE33, 0xEE33, 0xEE33,
  0xEE33, 0xEE33, 0xEE33, 0xEE33, 0xEE33, 0xEE33, 0xE734, 0xEE33, 0xEE33, 0xEE33, 0xEE33, 0xEE33,
  0xEE33, 0xEE33, 0xEE33, 0xC638, 0xE734, 0xC638, 0xC638, 0xC638, 0xC638, 0xC638, 0xC638, 0xC638,
  0xC638, 0xC638, 0xC638, 0xC638, 0xC638, 0xC638, 0xC638, 0xE734, 0xC638, 0xC638, 0xE734, 0xEE33,
  0xEE33, 0xE734, 0xC638, 0xC638, 0xC638, 0xC638, 0xC638, 0xC638, 0xC638, 0xEE33, 0xEE33, 0xEE33,
  0xEE33, 0xEE33, 0xEE33, 0xEE33, 0xEE33, 0xEE33, 0xEE33, 0xEE33, 0xEE33, 0xEE33, 0xEE33, 0xE734,
  0xEE33, 0xEE33, 0xEE33, 0xEE33, 0xEE33, 0xEE33, 0xEE33, 0xEE33, 0xEE33, 0xEE33, 0xEE33, 0xEE33,
  0xEE33, 0xEE33, 0xEE33, 0xEE33, 0xEE33, 0xEE33, 0xEE33, 0xEE33, 0xEE33, 0xEE33, 0xEE33, 0xEE33,
  0xEE33, 0xEE33, 0xEE33, 0xEE33, 0xEE33, 0xEE33, 0xEE33, 0xEE33, 0xEE33, 0xEE33, 0xEE33, 0xEE33,
  0xEE33, 0xEE33, 0xEE33, 0xEE33, 0xEE33, 0xEE33, 0xEE33, 0xEE33, 0xEE33, 0xEE33, 0xEE33, 0xEE33,
  0xEE33, 0xEE33, 0xEE33, 0xEE33, 0xEE33, 0xEE33, 0xEE33, 0xE734, 0xEE33, 0xEE33, 0xEE33, 0xEE33,
  0xEE33, 0xEE33, 0xEE33, 0xEE33, 0xEE33, 0xEE33, 0xEE33, 0xEE33, 0xEE33, 0xEE33, 0xEE33, 0xEE33,
  0xEE33, 0xEE33, 0xEE33, 0xEE33, 0xEE33, 0xEE33, 0xEE33, 0xEE33, 0xEE33, 0xEE33, 0xEE33, 0xEE33,
  0xEE33, 0xEE33, 0xEE33, 0xEE33, 0xEE33, 0xEE33, 0xEE33, 0xEE33, 0xEE33, 0xEE33, 0xEE33, 0xEE33,
  0xEE33, 0xEE33, 0xEE33, 0xEE33, 0xEE33, 0xEE33, 0xEE33, 0xEE33, 0xEE33, 0xEE33, 0xEE33, 0xE734,
  0xEE33, 0xEE33, 0xEE33, 0xEE33, 0xEE33, 0xEE33, 0xEE33, 0xC638, 0xE734, 0xC638, 0xC638, 0xC638,
  0xC638, 0xC638, 0xC638, 0xC638, 0xC638, 0xC638, 0xC638, 0xC638, 0xC638, 0xC638, 0xC638, 0xE734,
  0xC638, 0xC638, 0xE734, 0xEE33, 0xEE33, 0xE734, 0xC638, 0xC638, 0xC638, 0xC638, 0xC638, 0xC638,
  0xC638, 0xEE33, 0xEE33, 0xEE33, 0xEE33, 0xEE33, 0xEE33, 0xEE33, 0xEE33, 0xEE33, 0xEE33, 0xEE33,
  0xEE33, 0xEE33, 0xEE33, 0xE734, 0xEE33, 0xEE33, 0xEE33, 0xEE33, 0xEE33, 0xEE33, 0xEE33, 0xEE33,
  0xEE33, 0xEE33, 0xEE33, 0xEE33, 0xEE33, 0xEE33, 0xEE33, 0xEE33, 0xEE33, 0xEE33, 0xEE33, 0xEE33,
  0xEE33, 0xEE33, 0xEE33, 0xEE33, 0xEE33, 0xEE33, 0xEE33, 0xEE33, 0xEE33, 0xEE33, 0xEE33, 0xEE33,
  0xEE33, 0xEE33, 0xEE33, 0xEE33, 0xEE33, 0xEE33, 0xEE33, 0xEE33, 0xEE33, 0xEE33, 0xEE33, 0xEE33,
  0xEE33, 0xEE33, 0xEE33, 0xEE33, 0xEE33, 0xEE33, 0xEE33, 0xEE33, 0xEE33, 0xEE33, 0xE734, 0xEE33,
  0xEE33, 0xEE33, 0xEE33, 0xEE33, 0xEE33, 0xEE33, 0xEE33, 0xEE33, 0xEE33, 0xEE33, 0xEE33, 0xEE33,
  0xEE33, 0xEE33, 0xEE33, 0xEE33, 0xEE33, 0xE734, 0xEE33, 0xEE33, 0xEE33, 0xEE33, 0xEE33, 0xEE33,
  0xEE33, 0xEE33, 0xEE33, 0xEE33, 0xEE33, 0xEE33, 0xEE33, 0xEE33, 0xEE33, 0xEE33, 0xEE33, 0xEE33,
  0xEE33, 0xEE33, 0xEE33, 0xEE33, 0xEE33, 0xEE33, 0xEE33, 0xEE33, 0xEE33, 0xEE33, 0xEE33, 0xEE33,
  0xEE33, 0xEE33, 0xEE33, 0xEE33, 0xE734, 0xEE33, 0xEE33, 0xEE33, 0xEE33, 0xEE33, 0xEE33, 0xC638,
  0xE734, 0xC638, 0xC638, 0xC638, 0xC638, 0xC638, 0xC638, 0xC638, 0xC638, 0xC638, 0xC638, 0xC638,
  0xC638, 0xC638, 0xC638, 0xE734, 0xC638, 0xC638, 0xE734, 0xEE33, 0xEE33, 0xE734, 0xC638, 0xC638,
  0xC638, 0xC638, 0xC638, 0xC638, 0xC638, 0xEE33, 0xEE33, 0xEE33, 0xEE33, 0xEE33, 0xEE33, 0xEE33,
  0xEE33, 0xEE33, 0xEE33, 0xEE33, 0xEE33, 0xEE33, 0xEE33, 0xE734, 0xEE33, 0xEE33, 0xEE33, 0xEE33,
  0xEE33, 0xEE33, 0xEE33, 0xEE33, 0xEE33, 0xEE33, 0xEE33, 0xEE33, 0xEE33, 0xEE33, 0xEE33, 0xEE33,
  0xEE33, 0xEE33, 0xEE33, 0xEE33, 0xEE33, 0xEE33, 0xEE33, 0xEE33, 0xEE33, 0xEE33, 0xEE33, 0xEE33,
  0xEE33, 0xEE33, 0xEE33, 0xEE33, 0xEE33, 0xEE33, 0xEE33, 0xEE33, 0xEE33, 0xEE33, 0xEE33, 0xEE33,
  0xEE33, 0xEE33, 0xEE33, 0xEE33, 0xEE33, 0xEE33, 0xEE33, 0xEE33, 0xEE33, 0xEE33, 0xEE33, 0xEE33,
  0xEE33, 0xE734, 0xEE33, 0xEE33, 0xEE33, 0xEE33, 0xEE33, 0xEE33, 0xEE33, 0xEE33, 0xEE33, 0xEE33,
  0xEE33, 0xEE33, 0xEE33, 0xEE33, 0xEE33, 0xEE33, 0xEE33, 0xEE33, 0xE734, 0xEE33, 0xEE33, 0xEE33,
  0xEE33, 0xEE33, 0xEE33, 0xEE33, 0xEE33, 0xEE33, 0xEE33, 0xEE33, 0xEE33, 0xEE33, 0xEE33, 0xEE33,
  0xEE33, 0xEE33, 0xEE33, 0xEE33, 0xEE33, 0xEE33, 0xEE33, 0xEE33, 0xEE33, 0xEE33, 0xEE33, 0xEE33,
  0xEE33, 0xEE33, 0xEE33, 0xEE33, 0xEE33, 0xEE33, 0xEE33, 0xEE33, 0xEE33, 0xE734, 0xEE33, 0xEE33,
  0xEE33, 0xEE33, 0xEE33, 0xC638, 0xE734, 0xC638, 0xC638, 0xC638, 0xC638, 0xC638, 0xC638, 0xC638,
  0xC638, 0xC638, 0xC638, 0xC638, 0xC638, 0xC638, 0xE734, 0xC638, 0xC638, 0xE734, 0xEE33, 0xEE33,
  0xEE33, 0xE734, 0xC638, 0xC638, 0xC638, 0xC638, 0xC638, 0xC638, 0xC638, 0xEE33, 0xEE33, 0xEE33,
  0xEE33, 0xEE33, 0xEE33, 0xEE33, 0xEE33, 0xEE33, 0xEE33, 0xEE33, 0xEE33, 0xEE33, 0xEE33, 0xE734,
  0xEE33, 0xEE33, 0xEE33, 0xEE33, 0xEE33, 0xEE33, 0xEE33, 0xEE33, 0xEE33, 0xEE33, 0xEE33, 0xEE33,
  0xEE33, 0xEE33, 0xEE33, 0xEE33, 0xEE33, 0xEE33, 0xEE33, 0xEE33, 0xEE33, 0xEE33, 0xEE33, 0xEE33,
  0xEE33, 0xEE33, 0xEE33, 0xEE33, 0xEE33, 0xEE33, 0xEE33, 0xEE33, 0xEE33, 0xEE33, 0xE734, 0xE734,
  0xE734, 0xE734, 0xE734, 0xE734, 0xE734, 0xE734, 0xE734, 0xE734, 0xE734, 0xE734, 0xE734, 0xE734,
  0xE734, 0xE734, 0xE734, 0xE734, 0xE734, 0xEE33, 0xEE33, 0xEE33, 0xEE33, 0xEE33, 0xEE33, 0xEE33,
  0xEE33, 0xEE33, 0xEE33, 0xEE33, 0xEE33, 0xEE33, 0xEE33, 0xEE33, 0xEE33, 0xEE33, 0xEE33, 0xEE33,
  0xEE33, 0xEE33, 0xEE33, 0xEE33, 0xEE33, 0xEE33, 0xEE33, 0xEE33, 0xEE33, 0xEE33, 0xEE33, 0xEE33,
  0xEE33, 0xEE33, 0xEE33, 0xEE33, 0xEE33, 0xEE33, 0xEE33, 0xEE33, 0xEE33, 0xEE33, 0xEE33, 0xEE33,
  0xEE33, 0xEE33, 0xEE33, 0xEE33, 0xEE33, 0xEE33, 0xEE33, 0xEE33, 0xEE33, 0xEE33, 0xEE33, 0xEE33,
  0xEE33, 0xEE33, 0xE734, 0xEE33, 0xEE33, 0xEE33, 0xEE33, 0xC638, 0xEE33, 0xE734, 0xE734, 0xE734,
  0xE734, 0xE734, 0xE734, 0xE734, 0xE734, 0xE734, 0xE734, 0xE734, 0xE734, 0xE734, 0xEE33, 0xE734,
  0xE734, 0xEE33, 0xEE33, 0xEE33, 0xE734, 0xC638, 0xC638, 0xC638, 0xC638, 0xC638, 0xC638, 0xC638,
  0xC638, 0xEE33, 0xEE33, 0xEE33, 0xEE33, 0xEE33, 0xEE33, 0xEE33, 0xEE33, 0xEE33, 0xEE33, 0xEE33,
  0xEE33, 0xEE33, 0xEE33, 0xE734, 0xEE33, 0xEE33, 0xEE33, 0xEE33, 0xEE33, 0xEE33, 0xEE33, 0xEE33,
  0xEE33, 0xEE33, 0xEE33, 0xEE33, 0xEE33, 0xEE33, 0xEE33, 0xEE33, 0xE734, 0xE734, 0xE734, 0xE734,
  0xE734, 0xE734, 0xE734, 0xE734, 0xE734, 0xE734, 0xE734, 0xE734, 0xE734, 0xE734, 0xE734, 0xE734,
  0xE734, 0xE734, 0xEE33, 0xEE33, 0xEE33, 0xEE33, 0xEE33, 0xEE33, 0xEE33, 0xEE33, 0xEE33, 0xEE33,
  0xEE33, 0xEE33, 0xEE33, 0xEE33, 0xEE33, 0xEE33, 0xEE33, 0xEE33, 0xEE33, 0xEE33, 0xEE33, 0xEE33,
  0xEE33, 0xEE33, 0xEE33, 0xEE33, 0xEE33, 0xEE33, 0xEE33, 0xEE33, 0xEE33, 0xEE33, 0xEE33, 0xEE33,
  0xEE33, 0xEE33, 0xEE33, 0xEE33, 0xEE33, 0xEE33, 0xEE33, 0xEE33, 0xEE33, 0xEE33, 0xEE33, 0xEE33,
  0xEE33, 0xEE33, 0xEE33, 0xEE33, 0xEE33, 0xEE33, 0xEE33, 0xEE33, 0xEE33, 0xEE33, 0xEE33, 0xEE33,
  0xEE33, 0xEE33, 0xEE33, 0xEE33, 0xEE33, 0xEE33, 0xEE33, 0xEE33, 0xEE33, 0xEE33, 0xEE33, 0xEE33,
  0xEE33, 0xEE33, 0xEE33, 0xEE33, 0xEE33, 0xEE33, 0xEE33, 0xE734, 0xEE33, 0xEE33, 0xC638, 0xEE33,
  0xEE33, 0xEE33, 0xEE33, 0xEE33, 0xEE33, 0xEE33, 0xEE33, 0xEE33, 0xEE33, 0xEE33, 0xEE33, 0xEE33,
  0xEE33, 0xEE33, 0xEE33, 0xEE33, 0xEE33, 0xE734, 0xEE33, 0xEE33, 0xE734, 0xC638, 0xC638, 0xC638,
  0xC638, 0xC638, 0xC638, 0xC638, 0xC638, 0xEE33, 0xEE33, 0xEE33, 0xEE33, 0xEE33, 0xEE33, 0xEE33,
  0xEE33, 0xEE33, 0xEE33, 0xEE33, 0xEE33, 0xEE33, 0xEE33, 0xE734, 0xEE33, 0xEE33, 0xEE33, 0xEE33,
  0xEE33, 0xEE33, 0xEE33, 0xEE33, 0xEE33, 0xEE33, 0xEE33, 0xEE33, 0xEE33, 0xEE33, 0xEE33, 0xEE33,
  0xEE33, 0xEE33, 0xEE33, 0xEE33, 0xEE33, 0xEE33, 0xEE33, 0xEE33, 0xEE33, 0xEE33, 0xEE33, 0xEE33,
  0xEE33, 0xEE33, 0xEE33, 0xEE33, 0xEE33, 0xEE33, 0xEE33, 0xEE33, 0xEE33, 0xEE33, 0xEE33, 0xEE33,
  0xEE33, 0xEE33, 0xEE33, 0xEE33, 0xEE33, 0xEE33, 0xEE33, 0xEE33, 0xEE33, 0xEE33, 0xEE33, 0xEE33,
  0xEE33, 0xEE33, 0xEE33, 0xEE33, 0xEE33, 0xEE33, 0xEE33, 0xEE33, 0xEE33, 0xEE33, 0xEE33, 0xEE33,
  0xEE33, 0xEE33, 0xEE33, 0xEE33, 0xEE33, 0xEE33, 0xEE33, 0xEE33, 0xEE33, 0xEE33, 0xEE33, 0xEE33,
  0xEE33, 0xEE33, 0xEE33, 0xEE33, 0xEE33, 0xEE33, 0xEE33, 0xEE33, 0xEE33, 0xEE33, 0xEE33, 0xEE33,
  0xEE33, 0xEE33, 0xEE33, 0xEE33, 0xEE33, 0xEE33, 0xEE33, 0xEE33, 0xEE33, 0xEE33, 0xEE33, 0xEE33,
  0xEE33, 0xEE33, 0xEE33, 0xEE33, 0xEE33, 0xEE33, 0xEE33, 0xEE33, 0xEE33, 0xEE33, 0xEE33, 0xEE33,
  0xE734, 0xEE33, 0xC638, 0xEE33, 0xEE33, 0xEE33, 0xEE33, 0xEE33, 0xEE33, 0xEE33, 0xEE33, 0xEE33,
  0xEE33, 0xEE33, 0xEE33, 0xEE33, 0xEE33, 0xEE33, 0xEE33, 0xEE33, 0xEE33, 0xE734, 0xEE33, 0xEE33,
  0xE734, 0xC638, 0xC638, 0xC638, 0xC638, 0xC638, 0xC638, 0xC638, 0xC638, 0xEE33, 0xEE33, 0xEE33,
  0xEE33, 0xEE33, 0xEE33, 0xEE33, 0xEE33, 0xEE33, 0xEE33, 0xEE33, 0xEE33, 0xEE33, 0xEE33, 0xE734,
  0xEE33, 0xEE33, 0xEE33, 0xEE33, 0xEE33, 0xEE33, 0xEE33, 0xEE33, 0xEE33, 0xEE33, 0xEE33, 0xEE33,
  0xEE33, 0xEE33, 0xEE33, 0xEE33, 0xEE33, 0xEE33, 0xEE33, 0xEE33, 0xEE33, 0xEE33, 0xEE33, 0xEE33,
  0xEE33, 0xEE33, 0xEE33, 0xEE33, 0xEE33, 0xEE33, 0xEE33, 0xEE33, 0xEE33, 0xEE33, 0xEE33, 0xEE33,
  0xEE33, 0xEE33, 0xEE33, 0xEE33, 0xEE33, 0xEE33, 0xEE33, 0xEE33, 0xEE33, 0xEE33, 0xEE33, 0xEE33,
  0xEE33, 0xEE33, 0xEE33, 0xEE33, 0xEE33, 0xEE33, 0xEE33, 0xEE33, 0xEE33, 0xEE33, 0xEE33, 0xEE33,
  0xEE33, 0xEE33, 0xEE33, 0xEE33, 0xEE33, 0xEE33, 0xEE33, 0xEE33, 0xEE33, 0xEE33, 0xEE33, 0xEE33,
  0xEE33, 0xEE33, 0xEE33, 0xEE33, 0xEE33, 0xEE33, 0xEE33, 0xEE33, 0xEE33, 0xEE33, 0xEE33, 0xEE33,
  0xEE33, 0xEE33, 0xEE33, 0xEE33, 0xEE33, 0xEE33, 0xEE33, 0xEE33, 0xEE33, 0xEE33, 0xEE33, 0xEE33,
  0xEE33, 0xEE33, 0xEE33, 0xEE33, 0xEE33, 0xEE33, 0xEE33, 0xEE33, 0xEE33, 0xEE33, 0xEE33, 0xEE33,
  0xEE33, 0xEE33, 0xEE33, 0xEE33, 0xEE33, 0xE734, 0xC638, 0xEE33, 0xEE33, 0xEE33, 0xEE33, 0xEE33,
  0xEE33, 0xEE33, 0xEE33, 0xEE33, 0xEE33, 0xEE33, 0xEE33, 0xEE33, 0xEE33, 0xEE33, 0xEE33, 0xEE33,
  0xEE33, 0xE734, 0xEE33, 0xEE33, 0xE734, 0xC638, 0xC638, 0xC638, 0xC638, 0xC638, 0xC638, 0xC638,
  0xEE33, 0xEE33, 0xEE33, 0xEE33, 0xEE33, 0xEE33, 0xEE33, 0xEE33, 0xEE33, 0xEE33, 0xEE33, 0xEE33,
  0xEE33, 0xEE33, 0xEE33, 0xE734, 0xEE33, 0xEE33, 0xEE33, 0xEE33, 0xEE33, 0xEE33, 0xEE33, 0xEE33,
  0xEE33, 0xEE33, 0xEE33, 0xEE33, 0xEE33, 0xEE33, 0xEE33, 0xEE33, 0xEE33, 0xEE33, 0xEE33, 0xEE33,
  0xEE33, 0xEE33, 0xEE33, 0xEE33, 0xEE33, 0xEE33, 0xEE33, 0xEE33, 0xEE33, 0xEE33, 0xEE33, 0xEE33,
  0xEE33, 0xEE33, 0xEE33, 0xEE33, 0xEE33, 0xEE33, 0xEE33, 0xEE33, 0xEE33, 0xEE33, 0xEE33, 0xEE33,
  0xEE33, 0xEE33, 0xEE33, 0xEE33, 0xEE33, 0xEE33, 0xEE33, 0xEE33, 0xEE33, 0xEE33, 0xEE33, 0xEE33,
  0xEE33, 0xEE33, 0xEE33, 0xEE33, 0xEE33, 0xEE33, 0xEE33, 0xEE33, 0xEE33, 0xEE33, 0xEE33, 0xEE33,
  0xEE33, 0xEE33, 0xEE33, 0xEE33, 0xEE33, 0xEE33, 0xEE33, 0xEE33, 0xEE33, 0xEE33, 0xEE33, 0xEE33,
  0xEE33, 0xEE33, 0xEE33, 0xEE33, 0xEE33, 0xEE33, 0xEE33, 0xEE33, 0xEE33, 0xEE33, 0xEE33, 0xEE33,
  0xEE33, 0xEE33, 0xEE33, 0xEE33, 0xEE33, 0xEE33, 0xEE33, 0xEE33, 0xEE33, 0xEE33, 0xEE33, 0xEE33,
  0xEE33, 0xEE33, 0xEE33, 0xEE33, 0xEE33, 0xEE33, 0xEE33, 0xEE33, 0xEE33, 0xEE33, 0xC638, 0xEE33,
  0xE734, 0xE734, 0xE734, 0xE734, 0xE734, 0xE734, 0xE734, 0xE734, 0xE734, 0xE734, 0xE734, 0xE734,
  0xE734, 0xE734, 0xEE33, 0xE734, 0xE734, 0xEE33, 0xEE33, 0xEE33, 0xE734, 0xC638, 0xC638, 0xC638,
  0xC638, 0xC638, 0xC638, 0xEE33, 0xEE33, 0xEE33, 0xEE33, 0xEE33, 0xEE33, 0xEE33, 0xEE33, 0xEE33,
  0xEE33, 0xEE33, 0xEE33, 0xEE33, 0xEE33, 0xEE33, 0xEE33, 0xE734, 0xEE33, 0xEE33, 0xEE33, 0xEE33,
  0xEE33, 0xEE33, 0xEE33, 0xEE33, 0xEE33, 0xEE33, 0xEE33, 0xEE33, 0xEE33, 0xEE33, 0xEE33, 0xEE33,
  0xEE33, 0xEE33, 0xEE33, 0xEE33, 0xEE33, 0xEE33, 0xEE33, 0xEE33, 0xEE33, 0xEE33, 0xEE33, 0xEE33,
  0xEE33, 0xEE33, 0xEE33, 0xEE33, 0xEE33, 0xEE33, 0xEE33, 0xEE33, 0xEE33, 0xEE33, 0xEE33, 0xEE33,
  0xEE33, 0xEE33, 0xEE33, 0xEE33, 0xEE33, 0xEE33, 0xEE33, 0xEE33, 0xEE33, 0xEE33, 0xEE33, 0xEE33,
  0xEE33, 0xEE33, 0xEE33, 0xEE33, 0xEE33, 0xEE33, 0xEE33, 0xEE33, 0xEE33, 0xEE33, 0xEE33, 0xEE33,
  0xEE33, 0xEE33, 0xEE33, 0xEE33, 0xEE33, 0xEE33, 0xEE33, 0xEE33, 0xEE33, 0xEE33, 0xEE33, 0xEE33,
  0xEE33, 0xEE33, 0xEE33, 0xEE33, 0xEE33, 0xEE33, 0xEE33, 0xEE33, 0xEE33, 0xEE33, 0xEE33, 0xEE33,
  0xEE33, 0xEE33, 0xEE33, 0xEE33, 0xEE33, 0xEE33, 0xEE33, 0xEE33, 0xEE33, 0xEE33, 0xEE33, 0xEE33,
  0xEE33, 0xEE33, 0xEE33, 0xEE33, 0xEE33, 0xEE33, 0xEE33, 0xEE33, 0xEE33, 0xEE33, 0xEE33, 0xEE33,
  0xEE33, 0xEE33, 0xC638, 0xE734, 0xC638, 0xC638, 0xC638, 0xC638, 0xC638, 0xC638, 0xC638, 0xC638,
  0xC638, 0xC638, 0xC638, 0xC638, 0xC638, 0xC638, 0xE734, 0xC638, 0xC638, 0xE734, 0xEE33, 0xEE33,
  0xE734, 0xC638, 0xC638, 0xC638, 0xC638, 0xC638, 0xC638, 0xEE33, 0xEE33, 0xEE33, 0xEE33, 0xEE33,
  0xEE33, 0xEE33, 0xE734, 0xEE33, 0xEE33, 0xEE33, 0xEE33, 0xEE33, 0xEE33, 0xEE33, 0xEE33, 0xE734,
  0xEE33, 0xEE33, 0xEE33, 0xEE33, 0xEE33, 0xEE33, 0xEE33, 0xEE33, 0xEE33, 0xEE33, 0xEE33, 0xEE33,
  0xEE33, 0xEE33, 0xEE33, 0xEE33, 0xEE33, 0xEE33, 0xEE33, 0xEE33, 0xEE33, 0xEE33, 0xEE33, 0xEE33,
  0xEE33, 0xEE33, 0xEE33, 0xEE33, 0xEE33, 0xEE33, 0xEE33, 0xEE33, 0xEE33, 0xEE33, 0xEE33, 0xEE33,
  0xEE33, 0xEE33, 0xEE33, 0xEE33, 0xEE33, 0xEE33, 0xEE33, 0xEE33, 0xEE33, 0xEE33, 0xEE33, 0xEE33,
  0xEE33, 0xEE33, 0xEE33, 0xEE33, 0xEE33, 0xEE33, 0xEE33, 0xEE33, 0xEE33, 0xEE33, 0xEE33, 0xEE33,
  0xEE33, 0xEE33, 0xEE33, 0xEE33, 0xEE33, 0xEE33, 0xEE33, 0xEE33, 0xEE33, 0xEE33, 0xEE33, 0xEE33,
  0xEE33, 0xEE33, 0xEE33, 0xEE33, 0xEE33, 0xEE33, 0xEE33, 0xEE33, 0xEE33, 0xEE33, 0xEE33, 0xEE33,
  0xEE33, 0xEE33, 0xEE33, 0xEE33, 0xEE33, 0xEE33, 0xEE33, 0xEE33, 0xEE33, 0xEE33, 0xEE33, 0xEE33,
  0xEE33, 0xEE33, 0xEE33, 0xEE33, 0xEE33, 0xEE33, 0xEE33, 0xEE33, 0xEE33, 0xEE33, 0xEE33, 0xEE33,
  0xEE33, 0xEE33, 0xEE33, 0xEE33, 0xEE33, 0xEE33, 0xC638, 0xE734, 0xC638, 0xC638, 0xC638, 0xC638,
  0xC638, 0xC638, 0xC638, 0xC638, 0xC638, 0xC638, 0xC638, 0xC638, 0xC638, 0xC638, 0xE734, 0xC638,
  0xC638, 0xE734, 0xEE33, 0xEE33, 0xE734, 0xC638, 0xC638, 0xC638, 0xC638, 0xC638, 0xC638, 0xEE33,
  0xEE33, 0xEE33, 0xEE33, 0xEE33, 0xEE33, 0xE734, 0xEE33, 0xEE33, 0xEE33, 0xEE33, 0xEE33, 0xEE33,
  0xEE33, 0xEE33, 0xEE33, 0xEE33, 0xE734, 0xEE33, 0xEE33, 0xEE33, 0xEE33, 0xEE33, 0xEE33, 0xEE33,
  0xEE33, 0xEE33, 0xEE33, 0xEE33, 0xEE33, 0xEE33, 0xEE33, 0xEE33, 0xEE33, 0xEE33, 0xEE33, 0xEE33,
  0xEE33, 0xEE33, 0xEE33, 0xEE33, 0xEE33, 0xEE33, 0xEE33, 0xEE33, 0xEE33, 0xEE33, 0xEE33, 0xEE33,
  0xEE33, 0xEE33, 0xEE33, 0xEE33, 0xEE33, 0xEE33, 0xEE33, 0xEE33, 0xEE33, 0xEE33, 0xEE33, 0xEE33,
  0xEE33, 0xEE33, 0xEE33, 0xEE33, 0xEE33, 0xEE33, 0xEE33, 0xEE33, 0xEE33, 0xEE33, 0xEE33, 0xEE33,
  0xEE33, 0xEE33, 0xEE33, 0xEE33, 0xEE33, 0xEE33, 0xEE33, 0xEE33, 0xEE33, 0xEE33, 0xEE33, 0xEE33,
  0xEE33, 0xEE33, 0xEE33, 0xEE33, 0xEE33, 0xEE33, 0xEE33, 0xEE33, 0xEE33, 0xEE33, 0xEE33, 0xEE33,
  0xEE33, 0xEE33, 0xEE33, 0xEE33, 0xEE33, 0xEE33, 0xEE33, 0xEE33, 0xEE33, 0xEE33, 0xEE33, 0xEE33,
  0xEE33, 0xEE33, 0xEE33, 0xEE33, 0xEE33, 0xEE33, 0xEE33, 0xEE33, 0xEE33, 0xEE33, 0xEE33, 0xEE33,
  0xEE33, 0xEE33, 0xEE33, 0xEE33, 0xEE33, 0xEE33, 0xEE33, 0xEE33, 0xEE33, 0xEE33, 0xC638, 0xE734,
  0xC638, 0xC638, 0xC638, 0xC638, 0xC638, 0xC638, 0xC638, 0xC638, 0xC638, 0xC638, 0xC638, 0xC638,
  0xC638, 0xC638, 0xE734, 0xC638, 0xC638, 0xE734, 0xEE33, 0xEE33, 0xE734, 0xC638, 0xC638, 0xC638,
  0xC638, 0xC638, 0xC638, 0xEE33, 0xEE33, 0xEE33, 0xEE33, 0xEE33, 0xEE33, 0xEE33, 0xEE33, 0xEE33,
  0xEE33, 0xEE33, 0xEE33, 0xEE33, 0xEE33, 0xEE33, 0xEE33, 0xEE33, 0xEE33, 0xE734, 0xEE33, 0xEE33,
  0xEE33, 0xEE33, 0xEE33, 0xEE33, 0xEE33, 0xEE33, 0xEE33, 0xEE33, 0xEE33, 0xEE33, 0xEE33, 0xEE33,
  0xEE33, 0xEE33, 0xEE33, 0xEE33, 0xEE33, 0xEE33, 0xEE33, 0xEE33, 0xEE33, 0xEE33, 0xEE33, 0xEE33,
  0xEE33, 0xEE33, 0xEE33, 0xEE33, 0xEE33, 0xEE33, 0xEE33, 0xEE33, 0xEE33, 0xEE33, 0xEE33, 0xEE33,
  0xEE33, 0xEE33, 0xEE33, 0xEE33, 0xEE33, 0xEE33, 0xEE33, 0xEE33, 0xEE33, 0xEE33, 0xEE33, 0xEE33,
  0xEE33, 0xEE33, 0xEE33, 0xEE33, 0xEE33, 0xEE33, 0xEE33, 0xEE33, 0xEE33, 0xEE33, 0xEE33, 0xEE33,
  0xEE33, 0xEE33, 0xEE33, 0xEE33, 0xEE33, 0xEE33, 0xEE33, 0xEE33, 0xEE33, 0xEE33, 0xEE33, 0xEE33,
  0xEE33, 0xEE33, 0xEE33, 0xEE33, 0xEE33, 0xEE33, 0xEE33, 0xEE33, 0xEE33, 0xEE33, 0xEE33, 0xEE33,
  0xEE33, 0xEE33, 0xEE33, 0xEE33, 0xEE33, 0xEE33, 0xEE33, 0xEE33, 0xEE33, 0xEE33, 0xEE33, 0xEE33,
  0xEE33, 0xEE33, 0xEE33, 0xEE33, 0xEE33, 0xEE33, 0xEE33, 0xEE33, 0xEE33, 0xEE33, 0xEE33, 0xEE33,
  0xEE33, 0xEE33, 0xC638, 0xE734, 0xC638, 0xC638, 0xC638, 0xC638, 0xC638, 0xC638, 0xC638, 0xC638,
  0xC638, 0xC638, 0xC638, 0xC638, 0xC638, 0xC638, 0xE734, 0xC638, 0xC638, 0xE734, 0xEE33, 0xEE33,
  0xE734, 0xC638, 0xC638, 0xC638, 0xC638, 0xC638, 0xC638, 0xEE33, 0xEE33, 0xEE33, 0xEE33, 0xEE33,
  0xEE33, 0xEE33, 0xEE33, 0xEE33, 0xEE33, 0xEE33, 0xEE33, 0xEE33, 0xEE33, 0xEE33, 0xEE33, 0xEE33,
  0xEE33, 0xEE33, 0xE734, 0xEE33, 0xEE33, 0xEE33, 0xEE33, 0xEE33, 0xEE33, 0xEE33, 0xEE33, 0xEE33,
  0xEE33, 0xEE33, 0xEE33, 0xEE33, 0xEE33, 0xEE33, 0xEE33, 0xEE33, 0xEE33, 0xEE33, 0xEE33, 0xEE33,
  0xEE33, 0xEE33, 0xEE33, 0xEE33, 0xEE33, 0xEE33, 0xEE33, 0xEE33, 0xEE33, 0xEE33, 0xEE33, 0xEE33,
  0xEE33, 0xEE33, 0xEE33, 0xEE33, 0xEE33, 0xEE33, 0xEE33, 0xEE33, 0xEE33, 0xEE33, 0xEE33, 0xEE33,
  0xEE33, 0xEE33, 0xEE33, 0xEE33, 0xEE33, 0xEE33, 0xEE33, 0xEE33, 0xEE33, 0xEE33, 0xEE33, 0xEE33,
  0xEE33, 0xEE33, 0xEE33, 0xEE33, 0xEE33, 0xEE33, 0xEE33, 0xEE33, 0xEE33, 0xEE33, 0xEE33, 0xEE33,
  0xEE33, 0xEE33, 0xEE33, 0xEE33, 0xEE33, 0xEE33, 0xEE33, 0xEE33, 0xEE33, 0xEE33, 0xEE33, 0xEE33,
  0xEE33, 0xEE33, 0xEE33, 0xEE33, 0xEE33, 0xEE33, 0xEE33, 0xEE33, 0xEE33, 0xEE33, 0xEE33, 0xEE33,
  0xEE33, 0xEE33, 0xEE33, 0xEE33, 0xEE33, 0xEE33, 0xEE33, 0xEE33, 0xEE33, 0xEE33, 0xEE33, 0xEE33,
  0xEE33, 0xEE33, 0xEE33, 0xEE33, 0xEE33, 0xEE33, 0xC638, 0xEE33, 0xE734, 0xE734, 0xE734, 0xE734,
  0xE734, 0xE734, 0xE734, 0xE734, 0xE734, 0xE734, 0xE734, 0xE734, 0xE734, 0xE734, 0xEE33, 0xE734,
  0xE734, 0xEE33, 0xEE33, 0xEE33, 0xE734, 0xC638, 0xC638, 0xC638, 0xC638, 0xC638, 0xC638, 0xEE33,
  0xEE33, 0xEE33, 0xEE33, 0xEE33, 0xEE33, 0xEE33, 0xEE33, 0xEE33, 0xEE33, 0xEE33, 0xEE33, 0xEE33,
  0xEE33, 0xEE33, 0xEE33, 0xEE33, 0xEE33, 0xEE33, 0xEE33, 0xE734, 0xE734, 0xE734, 0xE734, 0xE734,
  0xE734, 0xE734, 0xE734, 0xE734, 0xE734, 0xE734, 0xE734, 0xE734, 0xEE33, 0xEE33, 0xEE33, 0xEE33,
  0xEE33, 0xEE33, 0xEE33, 0xEE33, 0xEE33, 0xEE33, 0xEE33, 0xEE33, 0xEE33, 0xEE33, 0xEE33, 0xEE33,
  0xEE33, 0xEE33, 0xEE33, 0xEE33, 0xEE33, 0xEE33, 0xEE33, 0xEE33, 0xEE33, 0xEE33, 0xEE33, 0xEE33,
  0xEE33, 0xEE33, 0xEE33, 0xEE33, 0xEE33, 0xEE33, 0xEE33, 0xEE33, 0xEE33, 0xEE33, 0xEE33, 0xEE33,
  0xEE33, 0xEE33, 0xEE33, 0xEE33, 0xEE33, 0xEE33, 0xEE33, 0xEE33, 0xEE33, 0xEE33, 0xEE33, 0xEE33,
  0xEE33, 0xEE33, 0xEE33, 0xEE33, 0xEE33, 0xEE33, 0xEE33, 0xEE33, 0xEE33, 0xEE33, 0xEE33, 0xEE33,
  0xEE33, 0xEE33, 0xEE33, 0xEE33, 0xEE33, 0xEE33, 0xEE33, 0xEE33, 0xEE33, 0xEE33, 0xEE33, 0xEE33,
  0xEE33, 0xEE33, 0xEE33, 0xEE33, 0xEE33, 0xEE33, 0xEE33, 0xEE33, 0xEE33, 0xEE33, 0xEE33, 0xEE33,
  0xEE33, 0xEE33, 0xEE33, 0xEE33, 0xEE33, 0xEE33, 0xEE33, 0xEE33, 0xEE33, 0xEE33, 0xC638, 0xEE33,
  0xEE33, 0xEE33, 0xEE33, 0xEE33, 0xEE33, 0xEE33, 0xEE33, 0xEE33, 0xEE33, 0xEE33, 0xEE33, 0xEE33,
  0xEE33, 0xEE33, 0xEE33, 0xEE33, 0xEE33, 0xE734, 0xEE33, 0xEE33, 0xE734, 0xC638, 0xC638, 0xC638,
  0xC638, 0xC638, 0xC638, 0xEE33, 0xEE33, 0xEE33, 0xEE33, 0xEE33, 0xEE33, 0xEE33, 0xEE33, 0xEE33,
  0xEE33, 0xEE33, 0xEE33, 0xEE33, 0xEE33, 0xEE33, 0xEE33, 0xEE33, 0xEE33, 0xEE33, 0xEE33, 0xEE33,
  0xEE33, 0xEE33, 0xEE33, 0xEE33, 0xEE33, 0xEE33, 0xEE33, 0xEE33, 0xEE33, 0xEE33, 0xEE33, 0xEE33,
  0xEE33, 0xEE33, 0xEE33, 0xEE33, 0xEE33, 0xEE33, 0xEE33, 0xEE33, 0xEE33, 0xEE33, 0xEE33, 0xEE33,
  0xEE33, 0xEE33, 0xEE33, 0xEE33, 0xEE33, 0xEE33, 0xEE33, 0xEE33, 0xEE33, 0xEE33, 0xEE33, 0xEE33,
  0xEE33, 0xEE33, 0xEE33, 0xEE33, 0xEE33, 0xEE33, 0xEE33, 0xEE33, 0xEE33, 0xEE33, 0xEE33, 0xEE33,
  0xEE33, 0xEE33, 0xEE33, 0xEE33, 0xEE33, 0xEE33, 0xEE33, 0xEE33, 0xEE33, 0xEE33, 0xEE33, 0xEE33,
  0xEE33, 0xEE33, 0xEE33, 0xEE33, 0xEE33, 0xEE33, 0xEE33, 0xEE33, 0xEE33, 0xEE33, 0xEE33, 0xEE33,
  0xEE33, 0xEE33, 0xEE33, 0xEE33, 0xEE33, 0xEE33, 0xEE33, 0xEE33, 0xEE33, 0xEE33, 0xEE33, 0xEE33,
  0xEE33, 0xEE33, 0xEE33, 0xEE33, 0xEE33, 0xEE33, 0xEE33, 0xEE33, 0xEE33, 0xEE33, 0xEE33, 0xEE33,
  0xEE33, 0xEE33, 0xEE33, 0xEE33, 0xEE33, 0xEE33, 0xEE33, 0xEE33, 0xEE33, 0xEE33, 0xEE33, 0xEE33,
  0xEE33, 0xEE33, 0xC638, 0xEE33, 0xEE33, 0xEE33, 0xEE33, 0xEE33, 0xEE33, 0xEE33, 0xEE33, 0xEE33,
  0xEE33, 0xEE33, 0xEE33, 0xEE33, 0xEE33, 0xEE33, 0xEE33, 0xEE33, 0xEE33, 0xE734, 0xEE33, 0xEE33,
  0xE734, 0xC638, 0xC638, 0xC638, 0xC638, 0xC638, 0xC638, 0xEE33, 0xEE33, 0xEE33, 0xEE33, 0xEE33,
  0xEE33, 0xEE33, 0xEE33, 0xEE33, 0xEE33, 0xEE33, 0xEE33, 0xEE33, 0xEE33, 0xEE33, 0xEE33, 0xEE33,
  0xEE33, 0xEE33, 0xEE33, 0xEE33, 0xEE33, 0xEE33, 0xEE33, 0xEE33, 0xEE33, 0xEE33, 0xEE33, 0xEE33,
  0xEE33, 0xEE33, 0xEE33, 0xEE33, 0xEE33, 0xEE33, 0xEE33, 0xEE33, 0xEE33, 0xEE33, 0xEE33, 0xEE33,
  0xEE33, 0xEE33, 0xEE33, 0xEE33, 0xEE33, 0xEE33, 0xEE33, 0xEE33, 0xEE33, 0xEE33, 0xEE33, 0xEE33,
  0xEE33, 0xEE33, 0xEE33, 0xEE33, 0xEE33, 0xEE33, 0xEE33, 0xEE33, 0xEE33, 0xEE33, 0xEE33, 0xEE33,
  0xEE33, 0xEE33, 0xEE33, 0xEE33, 0xEE33, 0xEE33, 0xEE33, 0xEE33, 0xEE33, 0xEE33, 0xEE33, 0xEE33,
  0xEE33, 0xEE33, 0xEE33, 0xEE33, 0xEE33, 0xEE33, 0xEE33, 0xEE33, 0xEE33, 0xEE33, 0xEE33, 0xEE33,
  0xEE33, 0xEE33, 0xEE33, 0xEE33, 0xEE33, 0xEE33, 0xEE33, 0xEE33, 0xEE33, 0xEE33, 0xEE33, 0xEE33,
  0xEE33, 0xEE33, 0xEE33, 0xEE33, 0xEE33, 0xEE33, 0xEE33, 0xEE33, 0xEE33, 0xEE33, 0xEE33, 0xEE33,
  0xC638, 0xEE33, 0xC638, 0xEE33, 0xC638, 0xC638, 0xC638, 0xEE33, 0xC638, 0xC638, 0xC638, 0xC638,
  0xC638, 0xC638, 0xC638, 0xC638, 0xC638, 0xEE33, 0xC638, 0xEE33, 0xEE33, 0xEE33, 0xEE33, 0xEE33,
  0xEE33, 0xEE33, 0xEE33, 0xEE33, 0xEE33, 0xEE33, 0xEE33, 0xEE33, 0xEE33, 0xEE33, 0xEE33, 0xEE33,
  0xEE33, 0xE734, 0xEE33, 0xEE33, 0xE734, 0xC638, 0xC638, 0xC638, 0xC638, 0xC638, 0xC638, 0xEE33,
  0xC638, 0xC638, 0xC638, 0xC638, 0xC638, 0xC638, 0xC638, 0xEE33, 0xC638, 0xEE33, 0xC638, 0xEE33,
  0xEE33, 0xEE33, 0xEE33, 0xC638, 0xC638, 0xC638, 0xC638, 0xC638, 0xC638, 0xC638, 0xC638, 0xC638,
  0xC638, 0xC638, 0xC638, 0xC638, 0xC638, 0xC638, 0xC638, 0xC638, 0xC638, 0xC638, 0xC638, 0xC638,
  0xC638, 0xC638, 0xC638, 0xC638, 0xC638, 0xC638, 0xC638, 0xC638, 0xC638, 0xC638, 0xC638, 0xC638,
  0xC638, 0xC638, 0xC638, 0xEE33, 0xEE33, 0xEE33, 0xC638, 0xEE33, 0xC638, 0xEE33, 0xC638, 0xC638,
  0xC638, 0xC638, 0xC638, 0xC638, 0xC638, 0xC638, 0xC638, 0xC638, 0xC638, 0xC638, 0xC638, 0xC638,
  0xC638, 0xC638, 0xC638, 0xC638, 0xC638, 0xC638, 0xC638, 0xC638, 0xEE33, 0xC638, 0xC638, 0xC638,
  0xC638, 0xEE33, 0xC638, 0xEE33, 0xC638, 0xC638, 0xC638, 0xC638, 0xC638, 0xEE33, 0xEE33, 0xEE33,
  0xC638, 0xC638, 0xC638, 0xC638, 0xC638, 0xC638, 0xC638, 0xC638, 0xC638, 0xC638, 0xC638, 0xC638,
  0xEE33, 0xC638, 0xEE33, 0xC638, 0xEE33, 0xEE33, 0xEE33, 0xC638, 0xC638, 0xC638, 0xEE33, 0xC638,
  0xC638, 0xC638, 0xC638, 0xC638, 0xC638, 0xC638, 0xC638, 0xC638, 0xC638, 0xEE33, 0xC638, 0xEE33,
  0xE734, 0xE734, 0xE734, 0xE734, 0xE734, 0xE734, 0xE734, 0xE734, 0xE734, 0xE734, 0xE734, 0xE734,
  0xE734, 0xE734, 0xEE33, 0xE734, 0xE734, 0xEE33, 0xEE33, 0xEE33, 0xE734, 0xC638, 0xC638, 0xC638,
  0xC638, 0xC638, 0xC638, 0xEE33, 0xC638, 0xC638, 0xC638, 0xC638, 0xC638, 0xC638, 0xC638, 0xC638,
  0xEE33, 0xC638, 0xEE33, 0xEE33, 0xEE33, 0xEE33, 0xC638, 0xEE33, 0xC638, 0xC638, 0xC638, 0xC638,
  0xC638, 0xC638, 0xC638, 0xC638, 0xC638, 0xC638, 0xC638, 0xEE33, 0xC638, 0xC638, 0xC638, 0xC638,
  0xC638, 0xC638, 0xC638, 0xC638, 0xC638, 0xC638, 0xEE33, 0xC638, 0xC638, 0xC638, 0xC638, 0xC638,
  0xC638, 0xC638, 0xC638, 0xC638, 0xC638, 0xC638, 0xC638, 0xC638, 0xEE33, 0xC638, 0xC638, 0xC638,
  0xEE33, 0xC638, 0xEE33, 0xC638, 0xC638, 0xC638, 0xEE33, 0xC638, 0xC638, 0xC638, 0xC638, 0xC638,
  0xC638, 0xC638, 0xC638, 0xC638, 0xC638, 0xC638, 0xC638, 0xC638, 0xC638, 0xC638, 0xC638, 0xC638,
  0xC638, 0xC638, 0xC638, 0xC638, 0xEE33, 0xEE33, 0xEE33, 0xC638, 0xC638, 0xC638, 0xEE33, 0xC638,
  0xC638, 0xC638, 0xEE33, 0xC638, 0xC638, 0xC638, 0xC638, 0xC638, 0xC638, 0xC638, 0xC638, 0xC638,
  0xC638, 0xC638, 0xC638, 0xEE33, 0xEE33, 0xEE33, 0xC638, 0xEE33, 0xC638, 0xEE33, 0xC638, 0xC638,
  0xC638, 0xC638, 0xC638, 0xC638, 0xC638, 0xC638, 0xC638, 0xC638, 0xC638, 0xC638, 0xC638, 0xC638,
  0xC638, 0xEE33, 0xC638, 0xE734, 0xC638, 0xC638, 0xC638, 0xC638, 0xC638, 0xC638, 0xC638, 0xC638,
  0xC638, 0xC638, 0xC638, 0xC638, 0xC638, 0xC638, 0xE734, 0xC638, 0xC638, 0xC638, 0xEE33, 0xEE33,
  0xE734, 0xC638, 0xC638, 0xC638, 0xC638, 0xC638, 0xC638, 0xEE33, 0xC638, 0xC638, 0xC638, 0xC638,
  0xC638, 0xC638, 0xC638, 0xC638, 0xC638, 0xEE33, 0xEE33, 0xEE33, 0xEE33, 0xC638, 0xEE33, 0xC638,
  0xC638, 0xC638, 0xC638, 0xC638, 0xC638, 0xC638, 0xC638, 0xC638, 0xC638, 0xC638, 0xEE33, 0xC638,
  0xC638, 0xC638, 0xC638, 0xC638, 0xC638, 0xC638, 0xC638, 0xC638, 0xC638, 0xEE33, 0xC638, 0xC638,
  0xC638, 0xC638, 0xC638, 0xC638, 0xC638, 0xC638, 0xC638, 0xC638, 0xC638, 0xC638, 0xC638, 0xEE33,
  0xC638, 0xC638, 0xC638, 0xEE33, 0xC638, 0xEE33, 0xC638, 0xC638, 0xC638, 0xEE33, 0xEE33, 0xEE33,
  0xC638, 0xC638, 0xC638, 0xC638, 0xC638, 0xC638, 0xC638, 0xC638, 0xC638, 0xC638, 0xC638, 0xC638,
  0xC638, 0xC638, 0xC638, 0xC638, 0xC638, 0xEE33, 0xC638, 0xEE33, 0xEE33, 0xEE33, 0xC638, 0xEE33,
  0xC638, 0xEE33, 0xC638, 0xC638, 0xC638, 0xEE33, 0xC638, 0xC638, 0xC638, 0xC638, 0xC638, 0xC638,
  0xC638, 0xC638, 0xC638, 0xC638, 0xC638, 0xC638, 0xEE33, 0xEE33, 0xEE33, 0xC638, 0xEE33, 0xC638,
  0xC638, 0xC638, 0xC638, 0xC638, 0xC638, 0xC638, 0xC638, 0xC638, 0xC638, 0xC638, 0xC638, 0xC638,
  0xC638, 0xC638, 0xC638, 0xC638, 0xC638, 0xEE33, 0xC638, 0xE734, 0xC638, 0xC638, 0xC638, 0xC638,
  0xC638, 0xC638, 0xC638, 0xC638, 0xC638, 0xC638, 0xC638, 0xC638, 0xC638, 0xC638, 0xE734, 0xC638,
  0xC638, 0xC638, 0xEE33, 0xEE33, 0xE734, 0xC638, 0xC638, 0xC638, 0xC638, 0xC638, 0xC638, 0xEE33,
  0xC638, 0xC638, 0xC638, 0xC638, 0xC638, 0xC638, 0xC638, 0xC638, 0xEE33, 0xEE33, 0xEE33, 0xEE33,
  0xC638, 0xEE33, 0xC638, 0xC638, 0xC638, 0xC638, 0xC638, 0xC638, 0xC638, 0xC638, 0xC638, 0xC638,
  0xC638, 0xC638, 0xC638, 0xC638, 0xC638, 0xC638, 0xC638, 0xC638, 0xC638, 0xC638, 0xC638, 0xC638,
  0xC638, 0xC638, 0xC638, 0xC638, 0xC638, 0xC638, 0xC638, 0xC638, 0xC638, 0xC638, 0xC638, 0xC638,
  0xC638, 0xC638, 0xC638, 0xC638, 0xC638, 0xC638, 0xEE33, 0xEE33, 0xEE33, 0xC638, 0xC638, 0xC638,
  0xEE33, 0xC638, 0xEE33, 0xC638, 0xC638, 0xC638, 0xC638, 0xC638, 0xC638, 0xC638, 0xC638, 0xC638,
  0xC638, 0xC638, 0xC638, 0xC638, 0xC638, 0xC638, 0xC638, 0xC638, 0xEE33, 0xC638, 0xEE33, 0xEE33,
  0xEE33, 0xC638, 0xEE33, 0xC638, 0xEE33, 0xC638, 0xEE33, 0xC638, 0xC638, 0xC638, 0xC638, 0xC638,
  0xC638, 0xC638, 0xC638, 0xC638, 0xC638, 0xC638, 0xC638, 0xC638, 0xC638, 0xEE33, 0xC638, 0xEE33,
  0xC638, 0xEE33, 0xC638, 0xC638, 0xEE33, 0xEE33, 0xEE33, 0xEE33, 0xEE33, 0xEE33, 0xEE33, 0xEE33,
  0xEE33, 0xEE33, 0xEE33, 0xEE33, 0xEE33, 0xEE33, 0xEE33, 0xEE33, 0xEE33, 0xEE33, 0xC638, 0xE734,
  0xC638, 0xC638, 0xC638, 0xC638, 0xC638, 0xC638, 0xC638, 0xC638, 0xC638, 0xC638, 0xC638, 0xC638,
  0xC638, 0xC638, 0xE734, 0xC638, 0xC638, 0xC638, 0xEE33, 0xEE33, 0xE734, 0xC638, 0xC638, 0xC638,
  0xC638, 0xC638, 0xC638, 0xEE33, 0xEE33, 0xEE33, 0xEE33, 0xEE33, 0xEE33, 0xEE33, 0xEE33, 0xEE33,
  0xEE33, 0xEE33, 0xEE33, 0xEE33, 0xEE33, 0xEE33, 0xEE33, 0xEE33, 0xEE33, 0xEE33, 0xEE33, 0xEE33,
  0xEE33, 0xEE33, 0xEE33, 0xEE33, 0xEE33, 0xEE33, 0xEE33, 0xEE33, 0xEE33, 0xEE33, 0xEE33, 0xEE33,
  0xEE33, 0xEE33, 0xEE33, 0xEE33, 0xEE33, 0xEE33, 0xEE33, 0xEE33, 0xEE33, 0xEE33, 0xEE33, 0xEE33,
  0xEE33, 0xEE33, 0xEE33, 0xEE33, 0xEE33, 0xEE33, 0xEE33, 0xEE33, 0xEE33, 0xEE33, 0xEE33, 0xEE33,
  0xEE33, 0xEE33, 0xEE33, 0xEE33, 0xEE33, 0xEE33, 0xEE33, 0xEE33, 0xEE33, 0xEE33, 0xEE33, 0xEE33,
  0xEE33, 0xEE33, 0xEE33, 0xEE33, 0xEE33, 0xEE33, 0xEE33, 0xEE33, 0xEE33, 0xEE33, 0xEE33, 0xEE33,
  0xEE33, 0xEE33, 0xEE33, 0xEE33, 0xEE33, 0xEE33, 0xEE33, 0xEE33, 0xEE33, 0xEE33, 0xEE33, 0xEE33,
  0xEE33, 0xEE33, 0xEE33, 0xEE33, 0xEE33, 0xEE33, 0xEE33, 0xEE33, 0xEE33, 0xEE33, 0xEE33, 0xEE33,
  0xEE33, 0xEE33, 0xEE33, 0xEE33, 0xEE33, 0xEE33, 0xEE33, 0xEE33, 0xEE33, 0xEE33, 0xEE33, 0xEE33,
  0xEE33, 0xEE33, 0xEE33, 0xEE33, 0xEE33, 0xEE33, 0xEE33, 0xEE33, 0xEE33, 0xEE33, 0xEE33, 0xEE33,
  0xEE33, 0xEE33, 0xC638, 0xE734, 0xC638, 0xC638, 0xC638, 0xC638, 0xC638, 0xC638, 0xC638, 0xC638,
  0xC638, 0xC638, 0xC638, 0xC638, 0xC638, 0xC638, 0xE734, 0xC638, 0xC638, 0xC638, 0xEE33, 0xEE33,
  0xE734, 0xC638, 0xC638, 0xC638, 0xC638, 0xC638, 0xC638, 0xEE33, 0xEE33, 0xEE33, 0xEE33, 0xEE33,
  0xEE33, 0xEE33, 0xEE33, 0xEE33, 0xEE33, 0xEE33, 0xEE33, 0xEE33, 0xEE33, 0xEE33, 0xEE33, 0xEE33,
  0xEE33, 0xEE33, 0xEE33, 0xEE33, 0xEE33, 0xEE33, 0xEE33, 0xEE33, 0xEE33, 0xEE33, 0xEE33, 0xEE33,
  0xEE33, 0xEE33, 0xEE33, 0xEE33, 0xEE33, 0xEE33, 0xEE33, 0xEE33, 0xEE33, 0xEE33, 0xEE33, 0xEE33,
  0xEE33, 0xEE33, 0xEE33, 0xEE33, 0xEE33, 0xEE33, 0xEE33, 0xEE33, 0xEE33, 0xEE33, 0xEE33, 0xEE33,
  0xEE33, 0xEE33, 0xEE33, 0xEE33, 0xEE33, 0xEE33, 0xEE33, 0xEE33, 0xEE33, 0xEE33, 0xEE33, 0xEE33,
  0xEE33, 0xEE33, 0xEE33, 0xEE33, 0xEE33, 0xEE33, 0xEE33, 0xEE33, 0xEE33, 0xEE33, 0xEE33, 0xEE33,
  0xEE33, 0xEE33, 0xEE33, 0xEE33, 0xEE33, 0xEE33, 0xEE33, 0xEE33, 0xEE33, 0xEE33, 0xEE33, 0xEE33,
  0xEE33, 0xEE33, 0xEE33, 0xEE33, 0xEE33, 0xEE33, 0xEE33, 0xEE33, 0xEE33, 0xEE33, 0xEE33, 0xEE33,
  0xEE33, 0xEE33, 0xEE33, 0xEE33, 0xEE33, 0xEE33, 0xEE33, 0xEE33, 0xEE33, 0xEE33, 0xEE33, 0xEE33,
  0xC638, 0xC638, 0xC638, 0xC638, 0xC638, 0xC638, 0xC638, 0xC638, 0xC638, 0xC638, 0xC638, 0xC638,
  0xC638, 0xC638, 0xC638, 0xC638, 0xC638, 0xC638, 0xE734, 0xE734, 0xC638, 0xC638, 0xC638, 0xC638,
  0xC638, 0xC638, 0xC638, 0xC638, 0xC638, 0xC638, 0xC638, 0xC638, 0xC638, 0xC638, 0xE734, 0xC638,
  0xC638, 0xE734, 0xE734, 0xE734, 0xE734, 0xC638, 0xC638, 0xC638, 0xC638, 0xC638, 0xC638, 0xC638,
  0xC638, 0xC638, 0xC638, 0xC638, 0xC638, 0xC638, 0xC638, 0xC638, 0xC638, 0xC638, 0xC638, 0xC638,
  0xC638, 0xC638, 0xC638, 0xC638, 0xC638, 0xC638, 0xC638, 0xC638, 0xC638, 0xC638, 0xC638, 0xC638,
  0xC638, 0xC638, 0xC638, 0xC638, 0xC638, 0xC638, 0xC638, 0xC638, 0xC638, 0xC638, 0xC638, 0xC638,
  0xC638, 0xC638, 0xC638, 0xC638, 0xC638, 0xC638, 0xC638, 0xC638, 0xC638, 0xC638, 0xC638, 0xC638,
  0xC638, 0xC638, 0xC638, 0xC638, 0xC638, 0xC638, 0xC638, 0xC638, 0xC638, 0xC638, 0xC638, 0xC638,
  0xC638, 0xC638, 0xC638, 0xC638, 0xC638, 0xC638, 0xC638, 0xC638, 0xC638, 0xC638, 0xC638, 0xC638,
  0xC638, 0xC638, 0xC638, 0xC638, 0xC638, 0xC638, 0xC638, 0xC638, 0xC638, 0xC638, 0xC638, 0xC638,
  0xC638, 0xC638, 0xC638, 0xC638, 0xC638, 0xC638, 0xC638, 0xC638, 0xC638, 0xC638, 0xC638, 0xC638,
  0xC638, 0xC638, 0xC638, 0xC638, 0xC638, 0xC638, 0xC638, 0xC638, 0xC638, 0xC638, 0xC638, 0xC638,
  0xC638, 0xC638, 0xC638, 0xC638, 0xE734, 0xE734, 0xE734, 0xE734, 0xE734, 0xE734, 0xE734, 0xE734,
  0xE734, 0xE734, 0xE734, 0xE734, 0xE734, 0xE734, 0xE734, 0xE734, 0xE734, 0xE734, 0xC638, 0xE734,
  0xE734, 0xE734, 0xE734, 0xE734, 0xE734, 0xE734, 0xE734, 0xE734, 0xE734, 0xE734, 0xE734, 0xE734,
  0xE734, 0xE734, 0xE734, 0xE734, 0xE734, 0xE734, 0xE734, 0xE734, 0xE734, 0xE734, 0xC638, 0xC638,
  0xC638, 0xC638, 0xC638, 0xE734, 0xE734, 0xE734, 0xE734, 0xE734, 0xE734, 0xE734, 0xE734, 0xE734,
  0xE734, 0xE734, 0xE734, 0xE734, 0xE734, 0xE734, 0xE734, 0xE734, 0xE734, 0xE734, 0xE734, 0xE734,
  0xE734, 0xE734, 0xE734, 0xE734, 0xE734, 0xE734, 0xE734, 0xE734, 0xE734, 0xE734, 0xE734, 0xE734,
  0xE734, 0xE734, 0xE734, 0xE734, 0xE734, 0xE734, 0xE734, 0xE734, 0xE734, 0xE734, 0xE734, 0xE734,
  0xE734, 0xE734, 0xE734, 0xE734, 0xE734, 0xE734, 0xE734, 0xE734, 0xE734, 0xE734, 0xE734, 0xE734,
  0xE734, 0xE734, 0xE734, 0xE734, 0xE734, 0xE734, 0xE734, 0xE734, 0xE734, 0xE734, 0xE734, 0xE734,
  0xE734, 0xE734, 0xE734, 0xE734, 0xE734, 0xE734, 0xE734, 0xE734, 0xE734, 0xE734, 0xE734, 0xE734,
  0xE734, 0xE734, 0xE734, 0xE734, 0xE734, 0xE734, 0xE734, 0xE734, 0xE734, 0xE734, 0xE734, 0xE734,
  0xE734, 0xE734, 0xE734, 0xE734, 0xE734, 0xE734, 0xE734, 0xE734, 0xE734, 0xE734, 0xE734, 0xE734,
  0xE734, 0xE734, 0xE734, 0xE734, 0xE734, 0xE734, 0xE734, 0xE734, 0xEE33, 0xEE33, 0xEE33, 0xEE33,
  0xEE33, 0xEE33, 0xEE33, 0xEE33, 0xEE33, 0xEE33, 0xEE33, 0xEE33, 0xEE33, 0xEE33, 0xEE33, 0xEE33,
  0xEE33, 0xEE33, 0xC638, 0xC638, 0xC638, 0xC638, 0xE734, 0xC638, 0xC638, 0xC638, 0xE734, 0xC638,
  0xE734, 0xC638, 0xC638, 0xC638, 0xE734, 0xE734, 0xE734, 0xE734, 0xE734, 0xE734, 0xE734, 0xE734,
  0xE734, 0xE734, 0xE734, 0xC638, 0xC638, 0xC638, 0xC638, 0xEE33, 0xEE33, 0xEE33, 0xEE33, 0xEE33,
  0xEE33, 0xEE33, 0xEE33, 0xEE33, 0xEE33, 0xEE33, 0xEE33, 0xEE33, 0xEE33, 0xEE33, 0xEE33, 0xEE33,
  0xEE33, 0xEE33, 0xEE33, 0xEE33, 0xEE33, 0xEE33, 0xEE33, 0xEE33, 0xEE33, 0xEE33, 0xEE33, 0xEE33,
  0xEE33, 0xEE33, 0xEE33, 0xEE33, 0xEE33, 0xEE33, 0xEE33, 0xEE33, 0xEE33, 0xEE33, 0xEE33, 0xEE33,
  0xEE33, 0xEE33, 0xEE33, 0xEE33, 0xEE33, 0xEE33, 0xEE33, 0xEE33, 0xEE33, 0xEE33, 0xEE33, 0xEE33,
  0xEE33, 0xEE33, 0xEE33, 0xEE33, 0xEE33, 0xEE33, 0xEE33, 0xEE33, 0xEE33, 0xEE33, 0xEE33, 0xEE33,
  0xEE33, 0xEE33, 0xEE33, 0xEE33, 0xEE33, 0xEE33, 0xEE33, 0xEE33, 0xEE33, 0xEE33, 0xEE33, 0xEE33,
  0xEE33, 0xEE33, 0xEE33, 0xEE33, 0xEE33, 0xEE33, 0xEE33, 0xEE33, 0xEE33, 0xEE33, 0xEE33, 0xEE33,
  0xEE33, 0xEE33, 0xEE33, 0xEE33, 0xEE33, 0xEE33, 0xEE33, 0xEE33, 0xEE33, 0xEE33, 0xEE33, 0xEE33,
  0xEE33, 0xEE33, 0xEE33, 0xEE33, 0xEE33, 0xEE33, 0xEE33, 0xEE33, 0xEE33, 0xEE33, 0xEE33, 0xEE33,
  0xEE33, 0xEE33, 0xEE33, 0xEE33, 0xEE33, 0xEE33, 0xEE33, 0xEE33, 0xEE33, 0xEE33, 0xEE33, 0xEE33,
  0xEE33, 0xEE33, 0xEE33, 0xEE33, 0xEE33, 0xEE33, 0xC638, 0xE734, 0xC638, 0xC638, 0xC638, 0xE734,
  0xC638, 0xE734, 0xC638, 0xE734, 0xC638, 0xE734, 0xC638, 0xE734, 0xE734, 0xE734, 0xE734, 0xE734,
  0xE734, 0xE734, 0xE734, 0xE734, 0xE734, 0xE734, 0xE734, 0xE734, 0xC638, 0xC638, 0xC638, 0xEE33,
  0xEE33, 0xEE33, 0xEE33, 0xEE33, 0xEE33, 0xEE33, 0xEE33, 0xEE33, 0xEE33, 0xEE33, 0xEE33, 0xEE33,
  0xEE33, 0xEE33, 0xEE33, 0xEE33, 0xEE33, 0xEE33, 0xEE33, 0xEE33, 0xEE33, 0xEE33, 0xEE33, 0xEE33,
  0xEE33, 0xEE33, 0xEE33, 0xEE33, 0xEE33, 0xEE33, 0xEE33, 0xEE33, 0xEE33, 0xEE33, 0xEE33, 0xEE33,
  0xEE33, 0xEE33, 0xEE33, 0xEE33, 0xEE33, 0xEE33, 0xEE33, 0xEE33, 0xEE33, 0xEE33, 0xEE33, 0xEE33,
  0xEE33, 0xEE33, 0xEE33, 0xEE33, 0xEE33, 0xEE33, 0xEE33, 0xEE33, 0xEE33, 0xEE33, 0xEE33, 0xEE33,
  0xEE33, 0xEE33, 0xEE33, 0xEE33, 0xEE33, 0xEE33, 0xEE33, 0xEE33, 0xEE33, 0xEE33, 0xEE33, 0xEE33,
  0xEE33, 0xEE33, 0xEE33, 0xEE33, 0xEE33, 0xEE33, 0xEE33, 0xEE33, 0xEE33, 0xEE33, 0xEE33, 0xEE33,
  0xEE33, 0xEE33, 0xEE33, 0xEE33, 0xEE33, 0xEE33, 0xEE33, 0xEE33, 0xEE33, 0xEE33, 0xEE33, 0xEE33,
  0xEE33, 0xEE33, 0xEE33, 0xEE33, 0xEE33, 0xEE33, 0xEE33, 0xEE33, 0xEE33, 0xEE33, 0xEE33, 0xEE33,
  0xEE33, 0xEE33, 0xEE33, 0xEE33, 0xC638, 0xC638, 0xC638, 0xC638, 0xC638, 0xC638, 0xC638, 0xC638,
  0xC638, 0xC638, 0xC638, 0xC638, 0xC638, 0xC638, 0xC638, 0xC638, 0xC638, 0xC638, 0xE734, 0xC638,
  0xE734, 0xC638, 0xE734, 0xC638, 0xE734, 0xE734, 0xE734, 0xC638, 0xE734, 0xE734, 0xE734, 0xC638,
  0xE734, 0xE734, 0xE734, 0xE734, 0xE734, 0xE734, 0xE734, 0xE734, 0xE734, 0xE734, 0xE734, 0xE734,
  0xE734, 0xE734, 0xE734, 0xC638, 0xC638, 0xC638, 0xC638, 0xC638, 0xC638, 0xC638, 0xC638, 0xEE33,
  0xC638, 0xC638, 0xC638, 0xC638, 0xC638, 0xC638, 0xEE33, 0xC638, 0xEE33, 0xC638, 0xC638, 0xC638,
  0xC638, 0xC638, 0xC638, 0xC638, 0xC638, 0xC638, 0xC638, 0xC638, 0xC638, 0xC638, 0xC638, 0xC638,
  0xC638, 0xC638, 0xC638, 0xC638, 0xC638, 0xC638, 0xC638, 0xC638, 0xC638, 0xC638, 0xC638, 0xC638,
  0xEE33, 0xC638, 0xC638, 0xC638, 0xC638, 0xC638, 0xC638, 0xC638, 0xC638, 0xC638, 0xC638, 0xC638,
  0xC638, 0xC638, 0xC638, 0xC638, 0xC638, 0xC638, 0xC638, 0xC638, 0xC638, 0xC638, 0xC638, 0xC638,
  0xC638, 0xC638, 0xC638, 0xC638, 0xC638, 0xC638, 0xC638, 0xC638, 0xEE33, 0xC638, 0xC638, 0xC638,
  0xC638, 0xC638, 0xC638, 0xC638, 0xC638, 0xC638, 0xC638, 0xC638, 0xC638, 0xC638, 0xC638, 0xC638,
  0xC638, 0xC638, 0xC638, 0xC638, 0xC638, 0xC638, 0xC638, 0xC638, 0xEE33, 0xC638, 0xC638, 0xC638,
  0xC638, 0xC638, 0xC638, 0xC638, 0xC638, 0xC638, 0xC638, 0xC638, 0xE734, 0xE734, 0xE734, 0xE734,
  0xC638, 0xE734, 0xC638, 0xE734, 0xC638, 0xE734, 0xC638, 0xE734, 0xC638, 0xE734, 0xE734, 0xE734,
  0xE734, 0xE734, 0xE734, 0xE734, 0xE734, 0xC638, 0xE734, 0xE734, 0xE734, 0xE734, 0xE734, 0xE734,
  0xE734, 0xE734, 0xE734, 0xE734, 0xE734, 0xE734, 0xE734, 0xE734, 0xE734, 0xE734, 0xE734, 0xE734,
  0xE734, 0xE734, 0xE734, 0xE734, 0xE734, 0xE734, 0xE734, 0xE734, 0xE734, 0xE734, 0xE734, 0xE734,
  0xE734, 0xE734, 0xE734, 0xC638, 0xE734, 0xC638, 0xC638, 0xC638, 0xC638, 0xE734, 0xC638, 0xE734,
  0xC638, 0xE734, 0xE734, 0xE734, 0xE734, 0xE734, 0xE734, 0xE734, 0xE734, 0xE734, 0xE734, 0xE734,
  0xE734, 0xE734, 0xE734, 0xE734, 0xE734, 0xE734, 0xE734, 0xE734, 0xE734, 0xE734, 0xE734, 0xE734,
  0xE734, 0xE734, 0xE734, 0xE734, 0xC638, 0xE734, 0xE734, 0xE734, 0xE734, 0xE734, 0xE734, 0xE734,
  0xE734, 0xE734, 0xE734, 0xE734, 0xE734, 0xE734, 0xE734, 0xE734, 0xE734, 0xE734, 0xE734, 0xE734,
  0xE734, 0xE734, 0xE734, 0xE734, 0xE734, 0xE734, 0xE734, 0xE734, 0xE734, 0xE734, 0xE734, 0xE734,
  0xC638, 0xEE33, 0xEE33, 0xEE33, 0xEE33, 0xEE33, 0xEE33, 0xEE33, 0xEE33, 0xEE33, 0xEE33, 0xEE33,
  0xEE33, 0xEE33, 0xEE33, 0xEE33, 0xEE33, 0xEE33, 0xEE33, 0xEE33, 0xEE33, 0xEE33, 0xEE33, 0xEE33,
  0xC638, 0xE734, 0xE734, 0xE734, 0xE734, 0xE734, 0xE734, 0xE734, 0xE734, 0xE734, 0xE734, 0xE734,
  0xE734, 0xE734, 0xE734, 0xC638, 0xE734, 0xC638, 0xE734, 0xC638, 0xE734, 0xC638, 0xE734, 0xC638,
  0xE734, 0xE734, 0xE734, 0xE734, 0xE734, 0xE734, 0xE734, 0xE734, 0xE734, 0xC638, 0xE734, 0xE734,
  0xE734, 0xE734, 0xE734, 0xE734, 0xE734, 0xE734, 0xE734, 0xE734, 0xE734, 0xE734, 0xE734, 0xE734,
  0xE734, 0xE734, 0xE734, 0xE734, 0xE734, 0xE734, 0xE734, 0xE734, 0xE734, 0xE734, 0xE734, 0xE734,
  0xE734, 0xE734, 0xE734, 0xE734, 0xE734, 0xE734, 0xE734, 0xE734, 0xC638, 0xE734, 0xC638, 0xC638,
  0xE734, 0xC638, 0xE734, 0xC638, 0xE734, 0xE734, 0xE734, 0xE734, 0xE734, 0xE734, 0xE734, 0xE734,
  0xE734, 0xE734, 0xE734, 0xE734, 0xE734, 0xE734, 0xE734, 0xE734, 0xE734, 0xE734, 0xE734, 0xE734,
  0xE734, 0xE734, 0xE734, 0xE734, 0xE734, 0xE734, 0xE734, 0xE734, 0xC638, 0xE734, 0xE734, 0xE734,
  0xE734, 0xE734, 0xE734, 0xE734, 0xE734, 0xE734, 0xE734, 0xE734, 0xE734, 0xE734, 0xE734, 0xE734,
  0xE734, 0xE734, 0xE734, 0xE734, 0xE734, 0xE734, 0xE734, 0xE734, 0xE734, 0xE734, 0xE734, 0xE734,
  0xE734, 0xE734, 0xE734, 0xE734, 0xC638, 0xEE33, 0xEE33, 0xEE33, 0xEE33, 0xEE33, 0xEE33, 0xEE33,
  0xEE33, 0xEE33, 0xEE33, 0xEE33, 0xEE33, 0xEE33, 0xEE33, 0xEE33, 0xEE33, 0xEE33, 0xEE33, 0xEE33,
  0xEE33, 0xEE33, 0xEE33, 0xEE33, 0xC638, 0xE734, 0xE734, 0xE734, 0xE734, 0xE734, 0xE734, 0xE734,
  0xE734, 0xE734, 0xE734, 0xE734, 0xE734, 0xE734, 0xC638, 0xE734, 0xC638, 0xE734, 0xC638, 0xE734,
  0xC638, 0xE734, 0xE734, 0xE734, 0xE734, 0xE734, 0xE734, 0xE734, 0xE734, 0xE734, 0xE734, 0xE734,
  0xE734, 0xC638, 0xE734, 0xE734, 0xE734, 0xE734, 0xE734, 0xE734, 0xE734, 0xE734, 0xE734, 0xE734,
  0xE734, 0xE734, 0xE734, 0xE734, 0xE734, 0xE734, 0xE734, 0xE734, 0xE734, 0xE734, 0xE734, 0xE734,
  0xE734, 0xE734, 0xE734, 0xE734, 0xE734, 0xE734, 0xE734, 0xE734, 0xE734, 0xE734, 0xE734, 0xC638,
  0xE734, 0xC638, 0xC638, 0xC638, 0xC638, 0xE734, 0xC638, 0xC638, 0xC638, 0xE734, 0xE734, 0xE734,
  0xE734, 0xE734, 0xE734, 0xE734, 0xE734, 0xE734, 0xE734, 0xE734, 0xE734, 0xE734, 0xE734, 0xE734,
  0xE734, 0xE734, 0xE734, 0xE734, 0xE734, 0xE734, 0xE734, 0xE734, 0xE734, 0xE734, 0xE734, 0xE734,
  0xC638, 0xE734, 0xE734, 0xE734, 0xE734, 0xE734, 0xE734, 0xE734, 0xE734, 0xE734, 0xE734, 0xE734,
  0xE734, 0xE734, 0xE734, 0xE734, 0xE734, 0xE734, 0xE734, 0xE734, 0xE734, 0xE734, 0xE734, 0xE734,
  0xE734, 0xE734, 0xE734, 0xE734, 0xE734, 0xE734, 0xE734, 0xE734, 0xC638, 0xEE33, 0xEE33, 0xEE33,
  0xEE33, 0xEE33, 0xEE33, 0xEE33, 0xEE33, 0xEE33, 0xEE33, 0xEE33, 0xEE33, 0xEE33, 0xEE33, 0xEE33,
  0xEE33, 0xEE33, 0xEE33, 0xEE33, 0xEE33, 0xEE33, 0xEE33, 0xEE33, 0xC638, 0xE734, 0xE734, 0xE734,
  0xE734, 0xE734, 0xE734, 0xE734, 0xE734, 0xE734, 0xE734, 0xE734, 0xE734, 0xC638, 0xE734, 0xE734,
  0xE734, 0xC638, 0xE734, 0xC638, 0xE734, 0xE734, 0xE734, 0xE734, 0xE734, 0xE734, 0xE734, 0xE734,
  0xE734, 0xE734, 0xE734, 0xE734, 0xE734, 0xC638, 0xE734, 0xE734, 0xE734, 0xE734, 0xE734, 0xE734,
  0xE734, 0xE734, 0xE734, 0xE734, 0xE734, 0xE734, 0xE734, 0xE734, 0xE734, 0xE734, 0xE734, 0xE734,
  0xE734, 0xC638, 0xC638, 0xC638, 0xC638, 0xC638, 0xC638, 0xC638, 0xC638, 0xC638, 0xC638, 0xC638,
  0xC638, 0xC638, 0xC638, 0xC638, 0xC638, 0xC638, 0xC638, 0xC638, 0xE734, 0xE734, 0xE734, 0xC638,
  0xE734, 0xE734, 0xE734, 0xE734, 0xE734, 0xE734, 0xE734, 0xE734, 0xE734, 0xE734, 0xE734, 0xE734,
  0xE734, 0xE734, 0xE734, 0xE734, 0xE734, 0xE734, 0xE734, 0xE734, 0xE734, 0xE734, 0xE734, 0xE734,
  0xE734, 0xE734, 0xE734, 0xE734, 0xC638, 0xE734, 0xE734, 0xE734, 0xE734, 0xE734, 0xE734, 0xE734,
  0xE734, 0xE734, 0xE734, 0xE734, 0xE734, 0xE734, 0xE734, 0xE734, 0xE734, 0xE734, 0xE734, 0xE734,
  0xE734, 0xE734, 0xE734, 0xE734, 0xE734, 0xE734, 0xE734, 0xE734, 0xE734, 0xE734, 0xE734, 0xE734,
  0xC638, 0xEE33, 0xEE33, 0xEE33, 0xEE33, 0xEE33, 0xEE33, 0xEE33, 0xEE33, 0xEE33, 0xEE33, 0xEE33,
  0xEE33, 0xEE33, 0xEE33, 0xEE33, 0xEE33, 0xEE33, 0xEE33, 0xEE33, 0xEE33, 0xEE33, 0xEE33, 0xEE33,
  0xC638, 0xE734, 0xE734, 0xE734, 0xE734, 0xE734, 0xE734, 0xE734, 0xE734, 0xE734, 0xE734, 0xE734,
  0xE734, 0xE734, 0xE734, 0xE734, 0xE734, 0xE734, 0xC638, 0xE734, 0xE734, 0xE734, 0xE734, 0xE734,
  0xE734, 0xE734, 0xE734, 0xE734, 0xE734, 0xE734, 0xE734, 0xE734, 0xE734, 0xC638, 0xE734, 0xC638,
  0xC638, 0xC638, 0xC638, 0xC638, 0xC638, 0xC638, 0xC638, 0xC638, 0xC638, 0xC638, 0xC638, 0xC638,
  0xC638, 0xC638, 0xC638, 0xC638, 0xC638, 0xE734, 0xE734, 0xE734, 0xE734, 0xE734, 0xE734, 0xE734,
  0xE734, 0xE734, 0xE734, 0xE734, 0xE734, 0xE734, 0xE734, 0xC638, 0xE734, 0xC638, 0xC638, 0xE734,
  0xC638, 0xE734, 0xE734, 0xE734, 0xC638, 0xE734, 0xE734, 0xE734, 0xE734, 0xE734, 0xE734, 0xE734,
  0xE734, 0xE734, 0xE734, 0xE734, 0xE734, 0xE734, 0xE734, 0xE734, 0xE734, 0xE734, 0xE734, 0xE734,
  0xE734, 0xE734, 0xE734, 0xE734, 0xE734, 0xE734, 0xE734, 0xE734, 0xC638, 0xE734, 0xC638, 0xC638,
  0xC638, 0xC638, 0xC638, 0xC638, 0xC638, 0xC638, 0xC638, 0xC638, 0xC638, 0xC638, 0xC638, 0xC638,
  0xC638, 0xC638, 0xC638, 0xC638, 0xC638, 0xC638, 0xC638, 0xC638, 0xC638, 0xC638, 0xC638, 0xC638,
  0xC638, 0xC638, 0xC638, 0xC638, 0xE734, 0xC638, 0xEE33, 0xEE33, 0xEE33, 0xEE33, 0xEE33, 0xEE33,
  0xEE33, 0xEE33, 0xEE33, 0xEE33, 0xEE33, 0xEE33, 0xEE33, 0xEE33, 0xEE33, 0xEE33, 0xEE33, 0xEE33,
  0xEE33, 0xEE33, 0xEE33, 0xEE33, 0xEE33, 0xC638, 0xE734, 0xE734, 0xE734, 0xE734, 0xE734, 0xE734,
  0xE734, 0xE734, 0xE734, 0xE734, 0xE734, 0xE734, 0xE734, 0xE734, 0xE734, 0xC638, 0xE734, 0xE734,
  0xE734, 0xE734, 0xE734, 0xE734, 0xE734, 0xE734, 0xE734, 0xE734, 0xE734, 0xE734, 0xE734, 0xE734,
  0xE734, 0xE734, 0xC638, 0xE734, 0xE734, 0xE734, 0xE734, 0xE734, 0xE734, 0xE734, 0xE734, 0xE734,
  0xE734, 0xE734, 0xE734, 0xE734, 0xE734, 0xE734, 0xE734, 0xE734, 0xE734, 0xE734, 0xE734, 0xE734,
  0xE734, 0xE734, 0xE734, 0xE734, 0xE734, 0xE734, 0xE734, 0xE734, 0xE734, 0xE734, 0xE734, 0xE734,
  0xC638, 0xE734, 0xC638, 0xC638, 0xE734, 0xE734, 0xE734, 0xE734, 0xE734, 0xE734, 0xE734, 0xE734,
  0xE734, 0xE734, 0xE734, 0xE734, 0xE734, 0xE734, 0xE734, 0xE734, 0xE734, 0xE734, 0xE734, 0xE734,
  0xE734, 0xE734, 0xE734, 0xE734, 0xE734, 0xE734, 0xE734, 0xE734, 0xE734, 0xE734, 0xE734, 0xE734,
  0xE734, 0xC638, 0xE734, 0xE734, 0xE734, 0xE734, 0xE734, 0xE734, 0xE734, 0xE734, 0xE734, 0xE734,
  0xE734, 0xE734, 0xE734, 0xE734, 0xE734, 0xE734, 0xE734, 0xE734, 0xE734, 0xE734, 0xE734, 0xE734,
  0xE734, 0xE734, 0xE734, 0xE734, 0xE734, 0xE734, 0xE734, 0xE734, 0xE734, 0xC638, 0xEE33, 0xEE33,
  0xEE33, 0xEE33, 0xEE33, 0xEE33, 0xEE33, 0xEE33, 0xEE33, 0xEE33, 0xEE33, 0xEE33, 0xEE33, 0xEE33,
  0xEE33, 0xEE33, 0xEE33, 0xEE33, 0xEE33, 0xEE33, 0xEE33, 0xEE33, 0xEE33, 0xC638, 0xE734, 0xE734,
  0xE734, 0xE734, 0xE734, 0xE734, 0xE734, 0xE734, 0xE734, 0xE734, 0xE734, 0xE734, 0xE734, 0xE734,
  0xC638, 0xE734, 0xE734, 0xE734, 0xE734, 0xE734, 0xE734, 0xE734, 0xE734, 0xE734, 0xE734, 0xE734,
  0xE734, 0xE734, 0xE734, 0xE734, 0xE734, 0xE734, 0xC638, 0xE734, 0xE734, 0xE734, 0xE734, 0xE734,
  0xE734, 0xE734, 0xE734, 0xE734, 0xE734, 0xE734, 0xE734, 0xE734, 0xE734, 0xE734, 0xE734, 0xE734,
  0xE734, 0xE734, 0xE734, 0xE734, 0xE734, 0xE734, 0xE734, 0xE734, 0xE734, 0xE734, 0xE734, 0xE734,
  0xE734, 0xE734, 0xE734, 0xC638, 0xE734, 0xE734, 0xC638, 0xE734, 0xE734, 0xE734, 0xE734, 0xE734,
  0xE734, 0xE734, 0xE734, 0xE734, 0xE734, 0xE734, 0xE734, 0xE734, 0xE734, 0xE734, 0xE734, 0xE734,
  0xE734, 0xE734, 0xE734, 0xE734, 0xE734, 0xE734, 0xE734, 0xE734, 0xE734, 0xE734, 0xE734, 0xE734,
  0xE734, 0xE734, 0xE734, 0xE734, 0xE734, 0xC638, 0xE734, 0xE734, 0xE734, 0xE734, 0xE734, 0xE734,
  0xE734, 0xE734, 0xE734, 0xE734, 0xE734, 0xE734, 0xE734, 0xE734, 0xE734, 0xE734, 0xE734, 0xE734,
  0xE734, 0xE734, 0xE734, 0xE734, 0xE734, 0xE734, 0xE734, 0xE734, 0xE734, 0xE734, 0xE734, 0xE734,
  0xE734, 0xC638, 0xEE33, 0xEE33, 0xEE33, 0xEE33, 0xEE33, 0xEE33, 0xEE33, 0xEE33, 0xEE33, 0xEE33,
  0xEE33, 0xEE33, 0xEE33, 0xEE33, 0xEE33, 0xEE33, 0xEE33, 0xEE33, 0xEE33, 0xEE33, 0xEE33, 0xEE33,
  0xEE33, 0xC638, 0xE734, 0xE734, 0xE734, 0xE734, 0xE734, 0xE734, 0xE734, 0xE734, 0xE734, 0xC638,
  0xE734, 0xE734, 0xE734, 0xC638, 0xE734, 0xC638, 0xE734, 0xE734, 0xE734, 0xE734, 0xE734, 0xE734,
  0xE734, 0xE734, 0xE734, 0xE734, 0xE734, 0xE734, 0xE734, 0xE734, 0xE734, 0xE734, 0xC638, 0xE734,
  0xE734, 0xE734, 0xE734, 0xE734, 0xE734, 0xE734, 0xE734, 0xE734, 0xE734, 0xE734, 0xE734, 0xE734,
  0xE734, 0xE734, 0xE734, 0xE734, 0xE734, 0xE734, 0xE734, 0xE734, 0xE734, 0xE734, 0xE734, 0xE734,
  0xE734, 0xE734, 0xE734, 0xE734, 0xE734, 0xE734, 0xE734, 0xE734, 0xE734, 0xE734, 0xE734, 0xC638,
  0xE734, 0xE734, 0xE734, 0xE734, 0xE734, 0xE734, 0xE734, 0xE734, 0xE734, 0xE734, 0xE734, 0xE734,
  0xE734, 0xE734, 0xE734, 0xE734, 0xE734, 0xE734, 0xE734, 0xE734, 0xE734, 0xE734, 0xE734, 0xE734,
  0xE734, 0xE734, 0xE734, 0xE734, 0xE734, 0xE734, 0xE734, 0xE734, 0xE734, 0xC638, 0xE734, 0xE734,
  0xE734, 0xE734, 0xE734, 0xE734, 0xE734, 0xE734, 0xE734, 0xE734, 0xE734, 0xE734, 0xE734, 0xE734,
  0xE734, 0xE734, 0xE734, 0xE734, 0xE734, 0xE734, 0xE734, 0xE734, 0xE734, 0xE734, 0xE734, 0xE734,
  0xE734, 0xE734, 0xE734, 0xE734, 0xE734, 0xC638, 0xEE33, 0xEE33, 0xEE33, 0xEE33, 0xEE33, 0xEE33,
  0xEE33, 0xEE33, 0xEE33, 0xEE33, 0xEE33, 0xEE33, 0xEE33, 0xEE33, 0xEE33, 0xEE33, 0xEE33, 0xEE33,
  0xEE33, 0xEE33, 0xEE33, 0xEE33, 0xEE33, 0xC638, 0xE734, 0xE734, 0xE734, 0xE734, 0xE734, 0xE734,
  0xE734, 0xE734, 0xC638, 0xE734, 0xE734, 0xE734, 0xC638, 0xE734, 0xC638, 0xE734, 0xE734, 0xE734,
  0xE734, 0xE734, 0xE734, 0xE734, 0xE734, 0xE734, 0xE734, 0xE734, 0xE734, 0xE734, 0xE734, 0xE734,
  0xE734, 0xE734, 0xC638, 0xE734, 0xE734, 0xE734, 0xE734, 0xE734, 0xE734, 0xE734, 0xE734, 0xE734,
  0xE734, 0xE734, 0xE734, 0xE734, 0xE734, 0xE734, 0xE734, 0xE734, 0xE734, 0xE734, 0xE734, 0xE734,
  0xE734, 0xE734, 0xE734, 0xE734, 0xE734, 0xE734, 0xE734, 0xE734, 0xE734, 0xE734, 0xE734, 0xE734,
  0xE734, 0xE734, 0xE734, 0xC638, 0xE734, 0xE734, 0xE734, 0xE734, 0xE734, 0xE734, 0xE734, 0xE734,
  0xE734, 0xE734, 0xE734, 0xE734, 0xE734, 0xE734, 0xE734, 0xE734, 0xE734, 0xE734, 0xE734, 0xE734,
  0xE734, 0xE734, 0xE734, 0xE734, 0xE734, 0xE734, 0xE734, 0xE734, 0xE734, 0xE734, 0xE734, 0xE734,
  0xE734, 0xC638, 0xE734, 0xE734, 0xE734, 0xE734, 0xE734, 0xE734, 0xE734, 0xE734, 0xE734, 0xE734,
  0xE734, 0xE734, 0xE734, 0xE734, 0xE734, 0xE734, 0xE734, 0xE734, 0xE734, 0xE734, 0xE734, 0xE734,
  0xE734, 0xE734, 0xE734, 0xE734, 0xE734, 0xE734, 0xE734, 0xE734, 0xE734, 0xC638, 0xEE33, 0xEE33,
  0xEE33, 0xEE33, 0xEE33, 0xEE33, 0xEE33, 0xEE33, 0xEE33, 0xEE33, 0xEE33, 0xEE33, 0xEE33, 0xEE33,
  0xEE33, 0xEE33, 0xEE33, 0xEE33, 0xEE33, 0xEE33, 0xEE33, 0xEE33, 0xEE33, 0xC638, 0xE734, 0xE734,
  0xE734, 0xE734, 0xE734, 0xE734, 0xE734, 0xC638, 0xE734, 0xE734, 0xE734, 0xC638, 0xE734, 0xC638,
  0xE734, 0xE734, 0xE734, 0xE734, 0xE734, 0xE734, 0xE734, 0xE734, 0xC638, 0xE734, 0xE734, 0xE734,
  0xE734, 0xE734, 0xE734, 0xE734, 0xE734, 0xE734, 0xC638, 0xE734, 0xC638, 0xE734, 0xE734, 0xE734,
  0xE734, 0xE734, 0xE734, 0xE734, 0xE734, 0xE734, 0xE734, 0xE734, 0xE734, 0xE734, 0xE734, 0xE734,
  0xE734, 0xE734, 0xE734, 0xE734, 0xE734, 0xE734, 0xE734, 0xE734, 0xE734, 0xE734, 0xE734, 0xE734,
  0xE734, 0xE734, 0xE734, 0xE734, 0xE734, 0xE734, 0xE734, 0xC638, 0xE734, 0xE734, 0xE734, 0xE734,
  0xE734, 0xE734, 0xE734, 0xE734, 0xE734, 0xE734, 0xE734, 0xE734, 0xE734, 0xE734, 0xE734, 0xE734,
  0xE734, 0xE734, 0xE734, 0xE734, 0xE734, 0xE734, 0xE734, 0xE734, 0xE734, 0xE734, 0xE734, 0xE734,
  0xE734, 0xE734, 0xE734, 0xE734, 0xE734, 0xC638, 0xE734, 0xE734, 0xC638, 0xE734, 0xE734, 0xE734,
  0xE734, 0xE734, 0xE734, 0xE734, 0xE734, 0xE734, 0xE734, 0xE734, 0xE734, 0xE734, 0xE734, 0xE734,
  0xE734, 0xE734, 0xE734, 0xE734, 0xE734, 0xE734, 0xE734, 0xE734, 0xE734, 0xE734, 0xE734, 0xE734,
  0xE734, 0xC638, 0xEE33, 0xEE33, 0xEE33, 0xEE33, 0xEE33, 0xEE33, 0xEE33, 0xEE33, 0xEE33, 0xEE33,
  0xEE33, 0xEE33, 0xEE33, 0xEE33, 0xEE33, 0xEE33, 0xEE33, 0xEE33, 0xEE33, 0xEE33, 0xEE33, 0xEE33,
  0xEE33, 0xC638, 0xE734, 0xE734, 0xE734, 0xE734, 0xE734, 0xE734, 0xC638, 0xE734, 0xC638, 0xE734,
  0xC638, 0xE734, 0xC638, 0xE734, 0xC638, 0xE734, 0xE734, 0xE734, 0xE734, 0xE734, 0xE734, 0xC638,
  0xE734, 0xE734, 0xE734, 0xE734, 0xE734, 0xE734, 0xE734, 0xE734, 0xE734, 0xE734, 0xC638, 0xC638,
  0xE734, 0xE734, 0xE734, 0xE734, 0xE734, 0xE734, 0xE734, 0xE734, 0xE734, 0xE734, 0xE734, 0xE734,
  0xE734, 0xE734, 0xE734, 0xE734, 0xE734, 0xE734, 0xE734, 0xE734, 0xE734, 0xE734, 0xE734, 0xE734,
  0xE734, 0xE734, 0xE734, 0xE734, 0xE734, 0xE734, 0xE734, 0xE734, 0xE734, 0xE734, 0xE734, 0xC638,
  0xE734, 0xE734, 0xE734, 0xE734, 0xE734, 0xE734, 0xE734, 0xE734, 0xE734, 0xE734, 0xE734, 0xE734,
  0xE734, 0xE734, 0xE734, 0xE734, 0xE734, 0xE734, 0xE734, 0xE734, 0xE734, 0xE734, 0xE734, 0xE734,
  0xE734, 0xE734, 0xE734, 0xE734, 0xE734, 0xE734, 0xC638, 0xE734, 0xE734, 0xC638, 0xE734, 0xC638,
  0xE734, 0xE734, 0xE734, 0xE734, 0xE734, 0xE734, 0xE734, 0xE734, 0xE734, 0xE734, 0xE734, 0xE734,
  0xE734, 0xE734, 0xE734, 0xE734, 0xE734, 0xE734, 0xE734, 0xE734, 0xE734, 0xE734, 0xE734, 0xE734,
  0xE734, 0xE734, 0xE734, 0xE734, 0xE734, 0xC638, 0xEE33, 0xEE33, 0xEE33, 0xEE33, 0xEE33, 0xEE33,
  0xEE33, 0xEE33, 0xEE33, 0xE734, 0xEE33, 0xEE33, 0xEE33, 0xEE33, 0xEE33, 0xEE33, 0xEE33, 0xEE33,
  0xEE33, 0xEE33, 0xEE33, 0xEE33, 0xEE33, 0xEE33, 0xC638, 0xE734, 0xE734, 0xE734, 0xE734, 0xC638,
  0xE734, 0xC638, 0xE734, 0xC638, 0xE734, 0xC638, 0xE734, 0xC638, 0xE734, 0xE734, 0xE734, 0xE734,
  0xE734, 0xE734, 0xE734, 0xE734, 0xE734, 0xE734, 0xE734, 0xE734, 0xE734, 0xE734, 0xE734, 0xE734,
  0xE734, 0xE734, 0xC638, 0xC638, 0xC638, 0xE734, 0xE734, 0xE734, 0xC638, 0xE734, 0xE734, 0xE734,
  0xE734, 0xE734, 0xE734, 0xE734, 0xE734, 0xE734, 0xE734, 0xE734, 0xE734, 0xE734, 0xE734, 0xE734,
  0xE734, 0xE734, 0xE734, 0xE734, 0xE734, 0xE734, 0xE734, 0xE734, 0xE734, 0xE734, 0xE734, 0xE734,
  0xE734, 0xE734, 0xE734, 0xC638, 0xE734, 0xE734, 0xE734, 0xE734, 0xE734, 0xE734, 0xE734, 0xE734,
  0xE734, 0xE734, 0xE734, 0xE734, 0xE734, 0xE734, 0xE734, 0xE734, 0xE734, 0xE734, 0xE734, 0xE734,
  0xE734, 0xE734, 0xE734, 0xE734, 0xE734, 0xE734, 0xE734, 0xE734, 0xE734, 0xE734, 0xE734, 0xC638,
  0xE734, 0xC638, 0xC638, 0xE734, 0xE734, 0xE734, 0xE734, 0xE734, 0xE734, 0xE734, 0xE734, 0xE734,
  0xE734, 0xE734, 0xE734, 0xE734, 0xE734, 0xE734, 0xE734, 0xE734, 0xE734, 0xE734, 0xE734, 0xE734,
  0xE734, 0xE734, 0xE734, 0xE734, 0xE734, 0xE734, 0xE734, 0xE734, 0xE734, 0xC638, 0xEE33, 0xEE33,
  0xEE33, 0xEE33, 0xEE33, 0xEE33, 0xEE33, 0xEE33, 0xE734, 0xEE33, 0xEE33, 0xEE33, 0xEE33, 0xEE33,
  0xEE33, 0xEE33, 0xEE33, 0xEE33, 0xEE33, 0xEE33, 0xEE33, 0xEE33, 0xEE33, 0xEE33, 0xEE33, 0xC638,
  0xC638, 0xC638, 0xC638, 0xE734, 0xC638, 0xC638, 0xC638, 0xE734, 0xC638, 0xE734, 0xC638, 0xE734,
  0xE734, 0xE734, 0xE734, 0xE734, 0xE734, 0xE734, 0xE734, 0xE734, 0xE734, 0xE734, 0xE734, 0xE734,
  0xE734, 0xE734, 0xE734, 0xE734, 0xE734, 0xE734, 0xC638, 0xC638, 0xE734, 0xE734, 0xE734, 0xC638,
  0xE734, 0xE734, 0xE734, 0xE734, 0xE734, 0xE734, 0xE734, 0xE734, 0xE734, 0xE734, 0xE734, 0xE734,
  0xE734, 0xE734, 0xE734, 0xE734, 0xE734, 0xE734, 0xE734, 0xE734, 0xE734, 0xE734, 0xE734, 0xE734,
  0xE734, 0xE734, 0xE734, 0xE734, 0xE734, 0xE734, 0xE734, 0xC638, 0xC638, 0xC638, 0xC638, 0xC638,
  0xC638, 0xC638, 0xC638, 0xC638, 0xC638, 0xC638, 0xE734, 0xE734, 0xE734, 0xE734, 0xE734, 0xE734,
  0xE734, 0xE734, 0xE734, 0xE734, 0xE734, 0xE734, 0xE734, 0xE734, 0xE734, 0xE734, 0xE734, 0xE734,
  0xE734, 0xE734, 0xC638, 0xE734, 0xC638, 0xC638, 0xE734, 0xC638, 0xE734, 0xE734, 0xE734, 0xE734,
  0xE734, 0xE734, 0xE734, 0xE734, 0xE734, 0xE734, 0xE734, 0xE734, 0xE734, 0xE734, 0xE734, 0xE734,
  0xE734, 0xE734, 0xE734, 0xE734, 0xE734, 0xE734, 0xE734, 0xE734, 0xE734, 0xE734, 0xE734, 0xE734,
  0xE734, 0xE734, 0xC638, 0xEE33, 0xEE33, 0xEE33, 0xEE33, 0xEE33, 0xEE33, 0xEE33, 0xEE33, 0xEE33,
  0xEE33, 0xEE33, 0xEE33, 0xEE33, 0xEE33, 0xEE33, 0xEE33, 0xEE33, 0xEE33, 0xEE33, 0xEE33, 0xEE33,
  0xEE33, 0xEE33, 0xC638, 0xC638, 0xE734, 0xC638, 0xE734, 0xC638, 0xE734, 0xC638, 0xC638, 0xC638,
  0xC638, 0xC638, 0xC638, 0xC638, 0xC638, 0xC638, 0xC638, 0xC638, 0xC638, 0xC638, 0xC638, 0xC638,
  0xC638, 0xC638, 0xE734, 0xE734, 0xE734, 0xE734, 0xE734, 0xE734, 0xE734, 0xE734, 0xC638, 0xE734,
  0xC638, 0xE734, 0xC638, 0xE734, 0xE734, 0xE734, 0xE734, 0xE734, 0xE734, 0xE734, 0xE734, 0xE734,
  0xE734, 0xE734, 0xE734, 0xE734, 0xE734, 0xE734, 0xE734, 0xE734, 0xE734, 0xE734, 0xE734, 0xE734,
  0xE734, 0xE734, 0xE734, 0xE734, 0xE734, 0xE734, 0xE734, 0xE734, 0xE734, 0xE734, 0xE734, 0xC638,
  0xE734, 0xE734, 0xE734, 0xE734, 0xE734, 0xE734, 0xE734, 0xE734, 0xE734, 0xE734, 0xC638, 0xC638,
  0xC638, 0xC638, 0xC638, 0xC638, 0xC638, 0xC638, 0xC638, 0xC638, 0xE734, 0xE734, 0xE734, 0xE734,
  0xE734, 0xE734, 0xE734, 0xC638, 0xC638, 0xC638, 0xC638, 0xC638, 0xC638, 0xE734, 0xC638, 0xE734,
  0xE734, 0xE734, 0xE734, 0xE734, 0xE734, 0xE734, 0xE734, 0xE734, 0xE734, 0xE734, 0xE734, 0xE734,
  0xE734, 0xE734, 0xE734, 0xE734, 0xE734, 0xE734, 0xE734, 0xE734, 0xE734, 0xE734, 0xE734, 0xE734,
  0xE734, 0xE734, 0xE734, 0xE734, 0xE734, 0xE734, 0xC638, 0xEE33, 0xEE33, 0xEE33, 0xEE33, 0xEE33,
  0xEE33, 0xEE33, 0xEE33, 0xEE33, 0xEE33, 0xEE33, 0xEE33, 0xEE33, 0xEE33, 0xEE33, 0xEE33, 0xEE33,
  0xEE33, 0xEE33, 0xEE33, 0xEE33, 0xEE33, 0xEE33, 0xC638, 0xE734, 0xC638, 0xE734, 0xE734, 0xE734,
  0xC638, 0xE734, 0xC638, 0xE734, 0xC638, 0xE734, 0xE734, 0xE734, 0xE734, 0xE734, 0xE734, 0xE734,
  0xE734, 0xE734, 0xE734, 0xE734, 0xE734, 0xE734, 0xC638, 0xC638, 0xC638, 0xC638, 0xC638, 0xC638,
  0xC638, 0xC638, 0xE734, 0xC638, 0xC638, 0xC638, 0xE734, 0xE734, 0xE734, 0xE734, 0xE734, 0xE734,
  0xE734, 0xE734, 0xE734, 0xE734, 0xE734, 0xE734, 0xE734, 0xE734, 0xE734, 0xE734, 0xE734, 0xE734,
  0xE734, 0xE734, 0xE734, 0xE734, 0xE734, 0xE734, 0xE734, 0xE734, 0xE734, 0xE734, 0xE734, 0xE734,
  0xE734, 0xE734, 0xE734, 0xC638, 0xE734, 0xE734, 0xE734, 0xE734, 0xE734, 0xE734, 0xE734, 0xE734,
  0xE734, 0xE734, 0xE734, 0xE734, 0xE734, 0xE734, 0xE734, 0xE734, 0xE734, 0xE734, 0xE734, 0xE734,
  0xC638, 0xC638, 0xC638, 0xC638, 0xC638, 0xC638, 0xC638, 0xEE33, 0xEE33, 0xC638, 0xEE33, 0xC638,
  0xC638, 0xC638, 0xC638, 0xE734, 0xE734, 0xE734, 0xE734, 0xE734, 0xE734, 0xE734, 0xE734, 0xE734,
  0xE734, 0xE734, 0xE734, 0xE734, 0xE734, 0xE734, 0xE734, 0xE734, 0xE734, 0xE734, 0xE734, 0xE734,
  0xE734, 0xE734, 0xE734, 0xE734, 0xE734, 0xE734, 0xE734, 0xE734, 0xE734, 0xE734, 0xC638, 0xEE33,
  0xEE33, 0xEE33, 0xEE33, 0xEE33, 0xEE33, 0xEE33, 0xEE33, 0xEE33, 0xEE33, 0xEE33, 0xEE33, 0xEE33,
  0xEE33, 0xEE33, 0xEE33, 0xEE33, 0xEE33, 0xEE33, 0xEE33, 0xEE33, 0xEE33, 0xEE33, 0xC638, 0xC638,
  0xE734, 0xE734, 0xE734, 0xC638, 0xE734, 0xC638, 0xE734, 0xC638, 0xE734, 0xE734, 0xE734, 0xE734,
  0xE734, 0xE734, 0xE734, 0xE734, 0xE734, 0xE734, 0xE734, 0xE734, 0xE734, 0xE734, 0xE734, 0xE734,
  0xE734, 0xE734, 0xE734, 0xE734, 0xC638, 0xE734, 0xC638, 0xC638, 0xC638, 0xE734, 0xE734, 0xE734,
  0xE734, 0xE734, 0xE734, 0xE734, 0xE734, 0xE734, 0xE734, 0xE734, 0xE734, 0xE734, 0xE734, 0xE734,
  0xC638, 0xE734, 0xE734, 0xE734, 0xE734, 0xE734, 0xE734, 0xE734, 0xE734, 0xE734, 0xE734, 0xE734,
  0xE734, 0xE734, 0xE734, 0xE734, 0xE734, 0xE734, 0xE734, 0xC638, 0xE734, 0xE734, 0xE734, 0xE734,
  0xE734, 0xE734, 0xE734, 0xE734, 0xE734, 0xE734, 0xE734, 0xE734, 0xE734, 0xE734, 0xE734, 0xE734,
  0xE734, 0xE734, 0xE734, 0xE734, 0xEE33, 0xEE33, 0xEE33, 0xEE33, 0xEE33, 0xEE33, 0xEE33, 0xEE33,
  0xEE33, 0xEE33, 0xC638, 0xEE33, 0xC638, 0xEE33, 0xC638, 0xE734, 0xE734, 0xE734, 0xE734, 0xE734,
  0xE734, 0xE734, 0xE734, 0xE734, 0xE734, 0xE734, 0xE734, 0xE734, 0xE734, 0xE734, 0xE734, 0xE734,
  0xE734, 0xE734, 0xE734, 0xE734, 0xE734, 0xE734, 0xE734, 0xE734, 0xE734, 0xE734, 0xE734, 0xE734,
  0xE734, 0xE734, 0xC638, 0xEE33, 0xEE33, 0xEE33, 0xEE33, 0xEE33, 0xEE33, 0xEE33, 0xEE33, 0xEE33,
  0xEE33, 0xEE33, 0xEE33, 0xEE33, 0xEE33, 0xEE33, 0xEE33, 0xEE33, 0xEE33, 0xEE33, 0xEE33, 0xEE33,
  0xEE33, 0xEE33, 0xC638, 0xE734, 0xC638, 0xE734, 0xC638, 0xE734, 0xC638, 0xE734, 0xE734, 0xE734,
  0xE734, 0xE734, 0xE734, 0xE734, 0xE734, 0xE734, 0xE734, 0xE734, 0xE734, 0xE734, 0xE734, 0xE734,
  0xE734, 0xE734, 0xE734, 0xE734, 0xE734, 0xE734, 0xE734, 0xC638, 0xE734, 0xC638, 0xE734, 0xC638,
  0xE734, 0xE734, 0xE734, 0xE734, 0xE734, 0xE734, 0xE734, 0xE734, 0xE734, 0xE734, 0xE734, 0xE734,
  0xE734, 0xE734, 0xE734, 0xC638, 0xE734, 0xE734, 0xE734, 0xE734, 0xE734, 0xE734, 0xE734, 0xE734,
  0xE734, 0xE734, 0xE734, 0xE734, 0xE734, 0xE734, 0xE734, 0xE734, 0xE734, 0xE734, 0xE734, 0xC638,
  0xE734, 0xE734, 0xE734, 0xE734, 0xE734, 0xE734, 0xE734, 0xE734, 0xE734, 0xE734, 0xE734, 0xE734,
  0xE734, 0xE734, 0xE734, 0xE734, 0xE734, 0xE734, 0xE734, 0xE734, 0xEE33, 0xEE33, 0xEE33, 0xEE33,
  0xEE33, 0xEE33, 0xEE33, 0xEE33, 0xEE33, 0xEE33, 0xEE33, 0xC638, 0xEE33, 0xC638, 0xC638, 0xE734,
  0xE734, 0xE734, 0xE734, 0xE734, 0xE734, 0xE734, 0xE734, 0xE734, 0xE734, 0xE734, 0xE734, 0xE734,
  0xE734, 0xE734, 0xE734, 0xE734, 0xE734, 0xE734, 0xE734, 0xE734, 0xE734, 0xE734, 0xE734, 0xE734,
  0xE734, 0xE734, 0xE734, 0xE734, 0xE734, 0xE734, 0xC638, 0xEE33, 0xEE33, 0xEE33, 0xEE33, 0xEE33,
  0xEE33, 0xEE33, 0xEE33, 0xEE33, 0xEE33, 0xEE33, 0xEE33, 0xEE33, 0xEE33, 0xEE33, 0xEE33, 0xEE33,
  0xEE33, 0xEE33, 0xEE33, 0xEE33, 0xEE33, 0xEE33, 0xEE33, 0xC638, 0xE734, 0xC638, 0xE734, 0xC638,
  0xE734, 0xE734, 0xE734, 0xE734, 0xE734, 0xE734, 0xE734, 0xE734, 0xE734, 0xE734, 0xE734, 0xE734,
  0xE734, 0xE734, 0xE734, 0xE734, 0xE734, 0xE734, 0xE734, 0xE734, 0xE734, 0xE734, 0xC638, 0xC638,
  0xC638, 0xE734, 0xC638, 0xC638, 0xE734, 0xE734, 0xE734, 0xE734, 0xE734, 0xE734, 0xE734, 0xE734,
  0xE734, 0xE734, 0xE734, 0xE734, 0xE734, 0xE734, 0xE734, 0xE734, 0xE734, 0xE734, 0xE734, 0xE734,
  0xE734, 0xE734, 0xE734, 0xE734, 0xE734, 0xE734, 0xE734, 0xE734, 0xE734, 0xE734, 0xE734, 0xE734,
  0xE734, 0xE734, 0xE734, 0xC638, 0xE734, 0xE734, 0xE734, 0xE734, 0xE734, 0xE734, 0xE734, 0xE734,
  0xE734, 0xE734, 0xE734, 0xE734, 0xE734, 0xE734, 0xE734, 0xE734, 0xE734, 0xE734, 0xE734, 0xE734,
  0xEE33, 0xEE33, 0xEE33, 0xEE33, 0xEE33, 0xEE33, 0xEE33, 0xEE33, 0xEE33, 0xEE33, 0xC638, 0xEE33,
  0xEE33, 0xEE33, 0xC638, 0xE734, 0xE734, 0xE734, 0xE734, 0xE734, 0xE734, 0xE734, 0xE734, 0xE734,
  0xE734, 0xE734, 0xE734, 0xE734, 0xE734, 0xE734, 0xE734, 0xE734, 0xE734, 0xE734, 0xE734, 0xE734,
  0xE734, 0xE734, 0xE734, 0xE734, 0xE734, 0xE734, 0xE734, 0xE734, 0xE734, 0xE734, 0xC638, 0xEE33,
  0xEE33, 0xEE33, 0xEE33, 0xEE33, 0xEE33, 0xEE33, 0xEE33, 0xEE33, 0xEE33, 0xEE33, 0xEE33, 0xE734,
  0xE734, 0xE734, 0xE734, 0xE734, 0xE734, 0xE734, 0xE734, 0xE734, 0xE734, 0xE734, 0xE734, 0xC638,
  0xC638, 0xE734, 0xC638, 0xE734, 0xE734, 0xE734, 0xE734, 0xE734, 0xE734, 0xE734, 0xE734, 0xE734,
  0xE734, 0xE734, 0xE734, 0xE734, 0xE734, 0xE734, 0xE734, 0xE734, 0xE734, 0xE734, 0xE734, 0xE734,
  0xE734, 0xE734, 0xE734, 0xC638, 0xE734, 0xE734, 0xE734, 0xC638, 0xE734, 0xE734, 0xE734, 0xE734,
  0xE734, 0xE734, 0xE734, 0xE734, 0xE734, 0xE734, 0xE734, 0xE734, 0xE734, 0xE734, 0xE734, 0xE734,
  0xE734, 0xE734, 0xE734, 0xE734, 0xE734, 0xE734, 0xE734, 0xE734, 0xE734, 0xE734, 0xE734, 0xE734,
  0xE734, 0xE734, 0xE734, 0xE734, 0xE734, 0xE734, 0xE734, 0xC638, 0xE734, 0xE734, 0xE734, 0xE734,
  0xE734, 0xE734, 0xE734, 0xE734, 0xE734, 0xE734, 0xE734, 0xE734, 0xE734, 0xE734, 0xE734, 0xE734,
  0xE734, 0xE734, 0xE734, 0xE734, 0xEE33, 0xEE33, 0xEE33, 0xEE33, 0xEE33, 0xEE33, 0xEE33, 0xEE33,
  0xEE33, 0xC638, 0xEE33, 0xEE33, 0xEE33, 0xEE33, 0xC638, 0xE734, 0xE734, 0xE734, 0xE734, 0xE734,
  0xE734, 0xE734, 0xE734, 0xE734, 0xE734, 0xE734, 0xE734, 0xE734, 0xE734, 0xE734, 0xE734, 0xE734,
  0xC638, 0xE734, 0xE734, 0xE734, 0xE734, 0xE734, 0xE734, 0xE734, 0xE734, 0xE734, 0xE734, 0xE734,
  0xE734, 0xE734, 0xC638, 0xEE33, 0xE734, 0xE734, 0xE734, 0xE734, 0xE734, 0xE734, 0xE734, 0xE734,
  0xE734, 0xE734, 0xE734, 0xC638, 0xC638, 0xC638, 0xC638, 0xC638, 0xC638, 0xC638, 0xC638, 0xC638,
  0xC638, 0xC638, 0xC638, 0xC638, 0xE734, 0xC638, 0xE734, 0xC638, 0xE734, 0xE734, 0xE734, 0xE734,
  0xE734, 0xE734, 0xE734, 0xE734, 0xE734, 0xE734, 0xE734, 0xE734, 0xE734, 0xE734, 0xE734, 0xE734,
  0xE734, 0xE734, 0xE734, 0xE734, 0xE734, 0xE734, 0xE734, 0xE734, 0xE734, 0xE734, 0xE734, 0xC638,
  0xE734, 0xE734, 0xE734, 0xE734, 0xE734, 0xE734, 0xE734, 0xE734, 0xE734, 0xE734, 0xE734, 0xE734,
  0xE734, 0xE734, 0xE734, 0xE734, 0xE734, 0xE734, 0xE734, 0xE734, 0xE734, 0xE734, 0xE734, 0xE734,
  0xE734, 0xE734, 0xE734, 0xE734, 0xE734, 0xE734, 0xE734, 0xE734, 0xE734, 0xE734, 0xE734, 0xC638,
  0xE734, 0xE734, 0xE734, 0xE734, 0xE734, 0xE734, 0xE734, 0xE734, 0xE734, 0xE734, 0xE734, 0xE734,
  0xE734, 0xE734, 0xE734, 0xE734, 0xE734, 0xE734, 0xE734, 0xE734, 0xEE33, 0xEE33, 0xEE33, 0xEE33,
  0xEE33, 0xEE33, 0xEE33, 0xEE33, 0xEE33, 0xEE33, 0xEE33, 0xEE33, 0xEE33, 0xEE33, 0xC638, 0xE734,
  0xE734, 0xE734, 0xE734, 0xE734, 0xE734, 0xE734, 0xE734, 0xE734, 0xE734, 0xE734, 0xE734, 0xE734,
  0xE734, 0xE734, 0xE734, 0xC638, 0xE734, 0xE734, 0xE734, 0xE734, 0xE734, 0xE734, 0xE734, 0xE734,
  0xE734, 0xE734, 0xE734, 0xE734, 0xE734, 0xE734, 0xC638, 0xE734, 0xC638, 0xC638, 0xC638, 0xC638,
  0xC638, 0xC638, 0xC638, 0xC638, 0xC638, 0xC638, 0xC638, 0xE734, 0xE734, 0xE734, 0xE734, 0xE734,
  0xE734, 0xE734, 0xE734, 0xE734, 0xE734, 0xE734, 0xC638, 0xC638, 0xC638, 0xE734, 0xC638, 0xE734,
  0xE734, 0xE734, 0xE734, 0xE734, 0xE734, 0xE734, 0xE734, 0xE734, 0xE734, 0xE734, 0xE734, 0xE734,
  0xE734, 0xE734, 0xE734, 0xE734, 0xE734, 0xE734, 0xE734, 0xE734, 0xE734, 0xE734, 0xE734, 0xE734,
  0xE734, 0xE734, 0xE734, 0xC638, 0xE734, 0xE734, 0xE734, 0xE734, 0xE734, 0xE734, 0xE734, 0xE734,
  0xE734, 0xE734, 0xE734, 0xE734, 0xE734, 0xE734, 0xE734, 0xE734, 0xE734, 0xE734, 0xC638, 0xC638,
  0xC638, 0xC638, 0xC638, 0xC638, 0xC638, 0xC638, 0xC638, 0xC638, 0xC638, 0xC638, 0xC638, 0xC638,
  0xC638, 0xC638, 0xC638, 0xEE33, 0xC638, 0xE734, 0xE734, 0xE734, 0xE734, 0xE734, 0xE734, 0xE734,
  0xE734, 0xE734, 0xE734, 0xE734, 0xE734, 0xE734, 0xE734, 0xE734, 0xE734, 0xE734, 0xE734, 0xE734,
  0xEE33, 0xEE33, 0xEE33, 0xEE33, 0xEE33, 0xEE33, 0xEE33, 0xEE33, 0xEE33, 0xEE33, 0xEE33, 0xEE33,
  0xEE33, 0xEE33, 0xC638, 0xE734, 0xE734, 0xE734, 0xE734, 0xE734, 0xE734, 0xE734, 0xE734, 0xE734,
  0xE734, 0xE734, 0xE734, 0xE734, 0xE734, 0xE734, 0xE734, 0xE734, 0xE734, 0xE734, 0xE734, 0xE734,
  0xE734, 0xE734, 0xE734, 0xE734, 0xE734, 0xE734, 0xE734, 0xE734, 0xE734, 0xE734, 0xE734, 0xC638,
  0xE734, 0xE734, 0xE734, 0xE734, 0xE734, 0xE734, 0xE734, 0xE734, 0xE734, 0xE734, 0xE734, 0xE734,
  0xE734, 0xE734, 0xE734, 0xE734, 0xE734, 0xE734, 0xE734, 0xE734, 0xE734, 0xC638, 0xE734, 0xC638,
  0xE734, 0xC638, 0xE734, 0xC638, 0xE734, 0xE734, 0xE734, 0xE734, 0xE734, 0xE734, 0xE734, 0xE734,
  0xE734, 0xE734, 0xE734, 0xE734, 0xE734, 0xE734, 0xE734, 0xE734, 0xE734, 0xE734, 0xE734, 0xE734,
  0xE734, 0xE734, 0xE734, 0xE734, 0xE734, 0xE734, 0xE734, 0xC638, 0xE734, 0xC638, 0xC638, 0xC638,
  0xC638, 0xC638, 0xC638, 0xC638, 0xC638, 0xC638, 0xC638, 0xC638, 0xC638, 0xC638, 0xC638, 0xC638,
  0xC638, 0xC638, 0xEE33, 0xEE33, 0xEE33, 0xEE33, 0xEE33, 0xEE33, 0xEE33, 0xEE33, 0xEE33, 0xEE33,
  0xEE33, 0xEE33, 0xEE33, 0xEE33, 0xEE33, 0xEE33, 0xEE33, 0xEE33, 0xC638, 0xE734, 0xE734, 0xE734,
  0xE734, 0xE734, 0xE734, 0xE734, 0xE734, 0xE734, 0xE734, 0xE734, 0xE734, 0xE734, 0xE734, 0xE734,
  0xE734, 0xE734, 0xE734, 0xE734, 0xEE33, 0xEE33, 0xEE33, 0xEE33, 0xEE33, 0xEE33, 0xEE33, 0xEE33,
  0xEE33, 0xEE33, 0xEE33, 0xEE33, 0xEE33, 0xEE33, 0xEE33, 0xC638, 0xE734, 0xE734, 0xE734, 0xE734,
  0xE734, 0xE734, 0xE734, 0xE734, 0xE734, 0xE734, 0xE734, 0xE734, 0xE734, 0xE734, 0xE734, 0xE734,
  0xE734, 0xE734, 0xE734, 0xE734, 0xE734, 0xE734, 0xE734, 0xE734, 0xE734, 0xE734, 0xE734, 0xE734,
  0xE734, 0xE734, 0xE734, 0xC638, 0xE734, 0xE734, 0xE734, 0xE734, 0xE734, 0xE734, 0xE734, 0xE734,
  0xE734, 0xE734, 0xE734, 0xE734, 0xE734, 0xE734, 0xE734, 0xE734, 0xE734, 0xE734, 0xE734, 0xE734,
  0xC638, 0xE734, 0xC638, 0xC638, 0xC638, 0xE734, 0xC638, 0xE734, 0xE734, 0xE734, 0xE734, 0xE734,
  0xE734, 0xE734, 0xE734, 0xE734, 0xE734, 0xE734, 0xC638, 0xE734, 0xE734, 0xE734, 0xE734, 0xE734,
  0xE734, 0xE734, 0xE734, 0xE734, 0xE734, 0xE734, 0xE734, 0xE734, 0xE734, 0xE734, 0xE734, 0xE734,
  0xC638, 0xEE33, 0xEE33, 0xEE33, 0xEE33, 0xEE33, 0xEE33, 0xEE33, 0xEE33, 0xEE33, 0xEE33, 0xEE33,
  0xEE33, 0xEE33, 0xEE33, 0xEE33, 0xEE33, 0xEE33, 0xEE33, 0xEE33, 0xEE33, 0xEE33, 0xEE33, 0xEE33,
  0xEE33, 0xEE33, 0xEE33, 0xEE33, 0xEE33, 0xEE33, 0xEE33, 0xEE33, 0xEE33, 0xEE33, 0xEE33, 0xEE33,
  0xC638, 0xE734, 0xE734, 0xE734, 0xE734, 0xE734, 0xE734, 0xE734, 0xE734, 0xE734, 0xE734, 0xE734,
  0xE734, 0xE734, 0xE734, 0xE734, 0xE734, 0xE734, 0xE734, 0xE734, 0xEE33, 0xEE33, 0xEE33, 0xEE33,
  0xEE33, 0xEE33, 0xEE33, 0xEE33, 0xEE33, 0xEE33, 0xEE33, 0xEE33, 0xEE33, 0xEE33, 0xEE33, 0xC638,
  0xE734, 0xE734, 0xE734, 0xE734, 0xE734, 0xE734, 0xE734, 0xE734, 0xE734, 0xE734, 0xE734, 0xE734,
  0xE734, 0xE734, 0xE734, 0xE734, 0xE734, 0xE734, 0xE734, 0xE734, 0xE734, 0xE734, 0xE734, 0xE734,
  0xE734, 0xE734, 0xE734, 0xE734, 0xE734, 0xE734, 0xE734, 0xC638, 0xE734, 0xE734, 0xE734, 0xE734,
  0xE734, 0xE734, 0xE734, 0xE734, 0xE734, 0xE734, 0xE734, 0xE734, 0xE734, 0xE734, 0xE734, 0xE734,
  0xE734, 0xE734, 0xE734, 0xE734, 0xE734, 0xE734, 0xE734, 0xC638, 0xE734, 0xC638, 0xE734, 0xE734,
  0xE734, 0xE734, 0xE734, 0xE734, 0xE734, 0xE734, 0xE734, 0xE734, 0xE734, 0xC638, 0xE734, 0xE734,
  0xE734, 0xE734, 0xE734, 0xE734, 0xE734, 0xE734, 0xE734, 0xE734, 0xE734, 0xE734, 0xE734, 0xE734,
  0xE734, 0xE734, 0xE734, 0xE734, 0xC638, 0xEE33, 0xEE33, 0xEE33, 0xEE33, 0xEE33, 0xEE33, 0xEE33,
  0xEE33, 0xEE33, 0xEE33, 0xEE33, 0xEE33, 0xEE33, 0xEE33, 0xEE33, 0xEE33, 0xEE33, 0xEE33, 0xEE33,
  0xE734, 0xEE33, 0xEE33, 0xEE33, 0xEE33, 0xEE33, 0xEE33, 0xEE33, 0xEE33, 0xEE33, 0xEE33, 0xEE33,
  0xEE33, 0xEE33, 0xEE33, 0xEE33, 0xC638, 0xE734, 0xE734, 0xE734, 0xE734, 0xE734, 0xE734, 0xE734,
  0xE734, 0xE734, 0xE734, 0xE734, 0xE734, 0xE734, 0xE734, 0xE734, 0xE734, 0xE734, 0xE734, 0xE734,
  0xEE33, 0xEE33, 0xEE33, 0xEE33, 0xEE33, 0xEE33, 0xEE33, 0xEE33, 0xEE33, 0xEE33, 0xEE33, 0xEE33,
  0xEE33, 0xEE33, 0xEE33, 0xC638, 0xE734, 0xE734, 0xE734, 0xE734, 0xE734, 0xE734, 0xE734, 0xE734,
  0xE734, 0xE734, 0xE734, 0xE734, 0xE734, 0xE734, 0xE734, 0xE734, 0xE734, 0xE734, 0xE734, 0xE734,
  0xE734, 0xE734, 0xE734, 0xE734, 0xE734, 0xE734, 0xE734, 0xE734, 0xE734, 0xE734, 0xE734, 0xC638,
  0xE734, 0xE734, 0xE734, 0xE734, 0xE734, 0xE734, 0xE734, 0xE734, 0xE734, 0xE734, 0xE734, 0xE734,
  0xE734, 0xE734, 0xE734, 0xE734, 0xE734, 0xE734, 0xE734, 0xE734, 0xE734, 0xE734, 0xC638, 0xE734,
  0xC638, 0xE734, 0xE734, 0xE734, 0xE734, 0xE734, 0xE734, 0xE734, 0xE734, 0xE734, 0xE734, 0xE734,
  0xE734, 0xE734, 0xE734, 0xE734, 0xE734, 0xE734, 0xE734, 0xE734, 0xE734, 0xE734, 0xE734, 0xE734,
  0xE734, 0xE734, 0xE734, 0xE734, 0xE734, 0xE734, 0xE734, 0xE734, 0xC638, 0xEE33, 0xEE33, 0xEE33,
  0xEE33, 0xEE33, 0xEE33, 0xEE33, 0xEE33, 0xEE33, 0xEE33, 0xEE33, 0xEE33, 0xEE33, 0xEE33, 0xEE33,
  0xEE33, 0xEE33, 0xEE33, 0xE734, 0xEE33, 0xEE33, 0xEE33, 0xEE33, 0xEE33, 0xEE33, 0xEE33, 0xEE33,
  0xEE33, 0xEE33, 0xEE33, 0xEE33, 0xEE33, 0xEE33, 0xEE33, 0xEE33, 0xC638, 0xE734, 0xE734, 0xE734,
  0xE734, 0xE734, 0xE734, 0xE734, 0xE734, 0xE734, 0xE734, 0xE734, 0xE734, 0xE734, 0xE734, 0xE734,
  0xE734, 0xE734, 0xE734, 0xE734, 0xEE33, 0xEE33, 0xEE33, 0xEE33, 0xEE33, 0xEE33, 0xEE33, 0xEE33,
  0xEE33, 0xEE33, 0xEE33, 0xEE33, 0xEE33, 0xEE33, 0xEE33, 0xC638, 0xE734, 0xE734, 0xE734, 0xE734,
  0xE734, 0xE734, 0xE734, 0xE734, 0xE734, 0xE734, 0xE734, 0xE734, 0xE734, 0xE734, 0xE734, 0xE734,
  0xE734, 0xE734, 0xE734, 0xE734, 0xE734, 0xE734, 0xE734, 0xE734, 0xE734, 0xE734, 0xE734, 0xE734,
  0xE734, 0xE734, 0xE734, 0xC638, 0xE734, 0xE734, 0xE734, 0xE734, 0xE734, 0xE734, 0xE734, 0xE734,
  0xE734, 0xE734, 0xE734, 0xE734, 0xE734, 0xE734, 0xE734, 0xE734, 0xE734, 0xE734, 0xE734, 0xE734,
  0xE734, 0xE734, 0xE734, 0xC638, 0xC638, 0xE734, 0xE734, 0xE734, 0xE734, 0xE734, 0xE734, 0xE734,
  0xE734, 0xE734, 0xE734, 0xE734, 0xE734, 0xE734, 0xE734, 0xE734, 0xE734, 0xE734, 0xE734, 0xE734,
  0xE734, 0xE734, 0xE734, 0xE734, 0xE734, 0xE734, 0xE734, 0xE734, 0xE734, 0xE734, 0xE734, 0xE734,
  0xC638, 0xEE33, 0xEE33, 0xEE33, 0xEE33, 0xEE33, 0xEE33, 0xEE33, 0xEE33, 0xEE33, 0xEE33, 0xEE33,
  0xEE33, 0xEE33, 0xEE33, 0xEE33, 0xEE33, 0xEE33, 0xEE33, 0xEE33, 0xEE33, 0xEE33, 0xEE33, 0xEE33,
  0xEE33, 0xEE33, 0xEE33, 0xEE33, 0xEE33, 0xEE33, 0xEE33, 0xEE33, 0xEE33, 0xEE33, 0xEE33, 0xEE33,
  0xC638, 0xE734, 0xE734, 0xE734, 0xE734, 0xE734, 0xE734, 0xE734, 0xE734, 0xE734, 0xE734, 0xE734,
  0xE734, 0xE734, 0xE734, 0xE734, 0xE734, 0xE734, 0xE734, 0xE734, 0xE734, 0xE734, 0xE734, 0xE734,
  0xE734, 0xE734, 0xE734, 0xE734, 0xE734, 0xE734, 0xE734, 0xE734, 0xE734, 0xE734, 0xE734, 0xC638,
  0xE734, 0xE734, 0xE734, 0xE734, 0xE734, 0xE734, 0xE734, 0xE734, 0xE734, 0xE734, 0xE734, 0xE734,
  0xE734, 0xE734, 0xE734, 0xE734, 0xE734, 0xE734, 0xE734, 0xE734, 0xE734, 0xE734, 0xE734, 0xE734,
  0xE734, 0xE734, 0xE734, 0xE734, 0xE734, 0xE734, 0xE734, 0xC638, 0xE734, 0xE734, 0xE734, 0xE734,
  0xE734, 0xE734, 0xE734, 0xE734, 0xE734, 0xE734, 0xE734, 0xE734, 0xE734, 0xE734, 0xE734, 0xE734,
  0xE734, 0xE734, 0xE734, 0xE734, 0xE734, 0xE734, 0xE734, 0xE734, 0xC638, 0xE734, 0xE734, 0xE734,
  0xE734, 0xE734, 0xE734, 0xE734, 0xE734, 0xE734, 0xE734, 0xE734, 0xE734, 0xE734, 0xE734, 0xE734,
  0xE734, 0xE734, 0xE734, 0xE734, 0xE734, 0xE734, 0xE734, 0xE734, 0xE734, 0xE734, 0xE734, 0xE734,
  0xE734, 0xE734, 0xE734, 0xE734, 0xC638, 0xEE33, 0xEE33, 0xEE33, 0xEE33, 0xEE33, 0xEE33, 0xEE33,
  0xEE33, 0xEE33, 0xEE33, 0xEE33, 0xEE33, 0xEE33, 0xEE33, 0xEE33, 0xEE33, 0xEE33, 0xEE33, 0xEE33,
  0xEE33, 0xEE33, 0xEE33, 0xEE33, 0xEE33, 0xEE33, 0xEE33, 0xEE33, 0xEE33, 0xEE33, 0xEE33, 0xEE33,
  0xEE33, 0xEE33, 0xEE33, 0xEE33, 0xC638, 0xE734, 0xE734, 0xE734, 0xE734, 0xE734, 0xE734, 0xE734,
  0xE734, 0xE734, 0xE734, 0xE734, 0xE734, 0xE734, 0xE734, 0xE734, 0xE734, 0xE734, 0xE734, 0xE734,
  0xC638, 0xC638, 0xC638, 0xC638, 0xC638, 0xC638, 0xC638, 0xC638, 0xC638, 0xC638, 0xC638, 0xC638,
  0xC638, 0xC638, 0xC638, 0xE734, 0xC638, 0xC638, 0xC638, 0xC638, 0xC638, 0xC638, 0xC638, 0xC638,
  0xC638, 0xC638, 0xC638, 0xC638, 0xC638, 0xC638, 0xC638, 0xC638, 0xC638, 0xC638, 0xC638, 0xC638,
  0xC638, 0xC638, 0xC638, 0xC638, 0xC638, 0xC638, 0xC638, 0xC638, 0xC638, 0xC638, 0xC638, 0xE734,
  0xC638, 0xC638, 0xC638, 0xC638, 0xC638, 0xC638, 0xC638, 0xC638, 0xC638, 0xC638, 0xC638, 0xC638,
  0xC638, 0xC638, 0xC638, 0xC638, 0xC638, 0xC638, 0xC638, 0xC638, 0xC638, 0xC638, 0xC638, 0xC638,
  0xE734, 0xC638, 0xC638, 0xC638, 0xC638, 0xC638, 0xC638, 0xC638, 0xE734, 0xE734, 0xE734, 0xE734,
  0xE734, 0xE734, 0xE734, 0xE734, 0xE734, 0xE734, 0xE734, 0xE734, 0xE734, 0xE734, 0xE734, 0xE734,
  0xE734, 0xE734, 0xE734, 0xE734, 0xE734, 0xE734, 0xE734, 0xE734, 0xC638, 0xE734, 0xE734, 0xE734,
  0xE734, 0xE734, 0xE734, 0xE734, 0xE734, 0xE734, 0xE734, 0xE734, 0xE734, 0xE734, 0xE734, 0xE734,
  0xE734, 0xE734, 0xE734, 0xE734, 0xE734, 0xE734, 0xE734, 0xE734, 0xE734, 0xE734, 0xE734, 0xE734,
  0xE734, 0xE734, 0xE734, 0xE734, 0xE734, 0xE734, 0xE734, 0xE734, 0xC638, 0xE734, 0xE734, 0xE734,
  0xE734, 0xE734, 0xE734, 0xE734, 0xE734, 0xE734, 0xE734, 0xE734, 0xE734, 0xE734, 0xE734, 0xE734,
  0xE734, 0xE734, 0xE734, 0xE734, 0xC638, 0xC638, 0xC638, 0xC638, 0xC638, 0xC638, 0xC638, 0xC638,
  0xC638, 0xC638, 0xC638, 0xC638, 0xC638, 0xC638, 0xC638, 0xE734, 0xC638, 0xC638, 0xC638, 0xC638,
  0xC638, 0xC638, 0xC638, 0xC638, 0xC638, 0xC638, 0xC638, 0xC638, 0xC638, 0xC638, 0xC638, 0xC638,
  0xC638, 0xC638, 0xC638, 0xC638, 0xC638, 0xC638, 0xC638, 0xC638, 0xC638, 0xC638, 0xC638, 0xC638,
  0xC638, 0xC638, 0xC638, 0xE734, 0xC638, 0xC638, 0xC638, 0xC638, 0xC638, 0xC638, 0xC638, 0xC638,
  0xC638, 0xC638, 0xC638, 0xC638, 0xC638, 0xC638, 0xC638, 0xC638, 0xC638, 0xC638, 0xC638, 0xC638,
  0xC638, 0xC638, 0xC638, 0xC638, 0xE734, 0xC638, 0xC638, 0xC638, 0xC638, 0xC638, 0xC638, 0xC638,
  0xC638, 0xC638, 0xC638, 0xC638, 0xC638, 0xC638, 0xC638, 0xC638, 0xC638, 0xC638, 0xC638, 0xC638,
  0xC638, 0xC638, 0xC638, 0xC638, 0xC638, 0xC638, 0xC638, 0xC638, 0xC638, 0xC638, 0xC638, 0xC638,
  0xE734, 0xC638, 0xC638, 0xC638, 0xC638, 0xC638, 0xC638, 0xC638, 0xC638, 0xC638, 0xC638, 0xC638,
  0xC638, 0xC638, 0xC638, 0xC638, 0xC638, 0xC638, 0xC638, 0xC638, 0xC638, 0xC638, 0xC638, 0xC638,
  0xC638, 0xC638, 0xC638, 0xC638, 0xC638, 0xC638, 0xC638, 0xC638, 0xC638, 0xC638, 0xC638, 0xC638,
  0xE734, 0xC638, 0xC638, 0xC638, 0xC638, 0xC638, 0xC638, 0xC638, 0xC638, 0xC638, 0xC638, 0xC638,
  0xC638, 0xC638, 0xC638, 0xC638, 0xC638, 0xC638, 0xC638, 0xC638, 0xC638, 0xC638, 0xC638, 0xC638,
  0xC638, 0xC638, 0xC638, 0xC638, 0xC638, 0xC638, 0xC638, 0xC638, 0xC638, 0xC638, 0xE734, 0xC638,
  0xC638, 0xC638, 0xC638, 0xC638, 0xC638, 0xC638, 0xC638, 0xC638, 0xC638, 0xC638, 0xC638, 0xC638,
  0xC638, 0xC638, 0xC638, 0xC638, 0xC638, 0xC638, 0xC638, 0xC638, 0xC638, 0xC638, 0xC638, 0xC638,
  0xC638, 0xC638, 0xC638, 0xC638, 0xC638, 0xC638, 0xC638, 0xC638, 0xE734, 0xC638, 0xC638, 0xC638,
  0xC638, 0xC638, 0xC638, 0xC638, 0xC638, 0xC638, 0xC638, 0xC638, 0xC638, 0xC638, 0xC638, 0xC638,
  0xC638, 0xC638, 0xC638, 0xC638, 0xC638, 0xC638, 0xC638, 0xC638, 0xE734, 0xC638, 0xC638, 0xC638,
  0xC638, 0xC638, 0xC638, 0xC638, 0xC638, 0xC638, 0xC638, 0xC638, 0xC638, 0xC638, 0xC638, 0xC638,
  0xC638, 0xC638, 0xC638, 0xC638, 0xC638, 0xC638, 0xC638, 0xC638, 0xC638, 0xC638, 0xC638, 0xC638,
  0xC638, 0xC638, 0xC638, 0xC638, 0xE734, 0xC638, 0xC638, 0xC638, 0xC638, 0xC638, 0xC638, 0xC638,
  0xC638, 0xC638, 0xC638, 0xC638, 0xC638, 0xC638, 0xC638, 0xC638, 0xC638, 0xC638, 0xC638, 0xC638,
  0xC638, 0xC638, 0xC638, 0xC638, 0xC638, 0xC638, 0xC638, 0xC638, 0xC638, 0xC638, 0xC638, 0xC638,
  0xC638, 0xC638, 0xC638, 0xC638, 0xE734, 0xC638, 0xC638, 0xC638, 0xC638, 0xC638, 0xC638, 0xC638,
  0xC638, 0xC638, 0xC638, 0xC638, 0xC638, 0xC638, 0xC638, 0xC638, 0xC638, 0xC638, 0xC638, 0xC638,
  0xE734, 0xE734, 0xE734, 0xE734, 0xE734, 0xE734, 0xE734, 0xE734, 0xE734, 0xE734, 0xE734, 0xE734,
  0xE734, 0xE734, 0xE734, 0xE734, 0xE734, 0xE734, 0xE734, 0xE734, 0xE734, 0xE734, 0xE734, 0xE734,
  0xE734, 0xE734, 0xE734, 0xE734, 0xE734, 0xE734, 0xE734, 0xE734, 0xE734, 0xE734, 0xE734, 0xE734,
  0xE734, 0xE734, 0xE734, 0xE734, 0xE734, 0xE734, 0xE734, 0xE734, 0xE734, 0xE734, 0xE734, 0xE734,
  0xE734, 0xE734, 0xE734, 0xE734, 0xE734, 0xE734, 0xE734, 0xE734, 0xE734, 0xE734, 0xE734, 0xE734,
  0xE734, 0xE734, 0xE734, 0xE734, 0xE734, 0xE734, 0xE734, 0xE734, 0xE734, 0xE734, 0xE734, 0xE734,
  0xE734, 0xE734, 0xE734, 0xE734, 0xE734, 0xE734, 0xE734, 0xE734, 0xC638, 0xC638, 0xC638, 0xC638,
  0xC638, 0xC638, 0xC638, 0xC638, 0xC638, 0xC638, 0xC638, 0xC638, 0xC638, 0xC638, 0xC638, 0xC638,
  0xC638, 0xC638, 0xC638, 0xC638, 0xC638, 0xC638, 0xC638, 0xE734, 0xC638, 0xC638, 0xC638, 0xC638,
  0xC638, 0xC638, 0xC638, 0xC638, 0xC638, 0xC638, 0xC638, 0xC638, 0xC638, 0xC638, 0xC638, 0xC638,
  0xC638, 0xC638, 0xC638, 0xC638, 0xC638, 0xC638, 0xC638, 0xC638, 0xC638, 0xC638, 0xC638, 0xC638,
  0xC638, 0xC638, 0xC638, 0xC638, 0xC638, 0xC638, 0xC638, 0xC638, 0xC638, 0xE734, 0xC638, 0xC638,
  0xC638, 0xC638, 0xC638, 0xC638, 0xC638, 0xC638, 0xC638, 0xC638, 0xC638, 0xC638, 0xC638, 0xC638,
  0xC638, 0xC638, 0xC638, 0xC638, 0xE734, 0xC638, 0xE734, 0xC638, 0xE734, 0xC638, 0xE734, 0xC638,
  0xE734, 0xC638, 0xE734, 0xC638, 0xE734, 0xC638, 0xE734, 0xC638, 0xE734, 0xC638, 0xE734, 0xC638,
  0xE734, 0xC638, 0xE734, 0xC638, 0xE734, 0xC638, 0xE734, 0xC638, 0xE734, 0xC638, 0xE734, 0xC638,
  0xE734, 0xC638, 0xE734, 0xC638, 0xE734, 0xC638, 0xE734, 0xC638, 0xE734, 0xC638, 0xE734, 0xC638,
  0xE734, 0xC638, 0xE734, 0xC638, 0xE734, 0xC638, 0xE734, 0xC638, 0xE734, 0xC638, 0xE734, 0xC638,
  0xE734, 0xC638, 0xE734, 0xC638, 0xE734, 0xC638, 0xE734, 0xC638, 0xE734, 0xC638, 0xE734, 0xC638,
  0xE734, 0xC638, 0xE734, 0xC638, 0xE734, 0xC638, 0xE734, 0xC638, 0xE734, 0xC638, 0xE734, 0xC638,
  0xE734, 0xE734, 0xE734, 0xE734, 0xE734, 0xE734, 0xE734, 0xE734, 0xE734, 0xE734, 0xE734, 0xE734,
  0xE734, 0xE734, 0xE734, 0xE734, 0xE734, 0xE734, 0xE734, 0xE734, 0xE734, 0xE734, 0xE734, 0xE734,
  0xE734, 0xE734, 0xE734, 0xE734, 0xE734, 0xE734, 0xE734, 0xE734, 0xE734, 0xE734, 0xE734, 0xE734,
  0xE734, 0xE734, 0xE734, 0xE734, 0xE734, 0xE734, 0xE734, 0xE734, 0xE734, 0xE734, 0xE734, 0xE734,
  0xE734, 0xE734, 0xE734, 0xE734, 0xE734, 0xE734, 0xE734, 0xE734, 0xE734, 0xE734, 0xE734, 0xE734,
  0xE734, 0xE734, 0xE734, 0xE734, 0xE734, 0xE734, 0xE734, 0xE734, 0xE734, 0xE734, 0xE734, 0xE734,
  0xE734, 0xE734, 0xE734, 0xE734, 0xE734, 0xE734, 0xE734, 0xE734, 0xC638, 0xE734, 0xC638, 0xE734,
  0xC638, 0xE734, 0xC638, 0xE734, 0xC638, 0xE734, 0xC638, 0xE734, 0xC638, 0xE734, 0xC638, 0xE734,
  0xC638, 0xE734, 0xC638, 0xE734, 0xC638, 0xE734, 0xC638, 0xE734, 0xC638, 0xE734, 0xC638, 0xE734,
  0xC638, 0xE734, 0xC638, 0xE734, 0xC638, 0xE734, 0xC638, 0xE734, 0xC638, 0xE734, 0xC638, 0xE734,
  0xC638, 0xE734, 0xC638, 0xE734, 0xC638, 0xE734, 0xC638, 0xE734, 0xC638, 0xE734, 0xC638, 0xE734,
  0xC638, 0xE734, 0xC638, 0xE734, 0xC638, 0xE734, 0xC638, 0xE734, 0xC638, 0xE734, 0xC638, 0xE734,
  0xC638, 0xE734, 0xC638, 0xE734, 0xC638, 0xE734, 0xC638, 0xE734, 0xC638, 0xE734, 0xC638, 0xE734,
  0xC638, 0xE734, 0xC638, 0xE734, 0xC638, 0xE734, 0xC638, 0xE734, 0xC638, 0xE734, 0xC638, 0xE734,
  0xC638, 0xE734, 0xC638, 0xE734, 0xC638, 0xE734, 0xC638, 0xE734, 0xC638, 0xE734, 0xC638, 0xE734,
  0xC638, 0xE734, 0xC638, 0xE734, 0xC638, 0xE734, 0xC638, 0xE734, 0xC638, 0xE734, 0xC638, 0xE734,
  0xC638, 0xE734, 0xC638, 0xE734, 0xC638, 0xE734, 0xC638, 0xE734, 0xC638, 0xE734, 0xC638, 0xE734,
  0xC638, 0xE734, 0xC638, 0xE734, 0xC638, 0xE734, 0xC638, 0xE734, 0xC638, 0xE734, 0xC638, 0xE734,
  0xC638, 0xE734, 0xC638, 0xE734, 0xC638, 0xE734, 0xC638, 0xE734, 0xC638, 0xE734, 0xC638, 0xE734,
  0xC638, 0xE734, 0xC638, 0xE734, 0xC638, 0xE734, 0xC638, 0xE734, 0xC638, 0xE734, 0xC638, 0xE734,
  0xE734, 0xC638, 0xE734, 0xC638, 0xC638, 0xC638, 0xC638, 0xC638, 0xC638, 0xC638, 0xE734, 0xC638,
  0xE734, 0xC638, 0xE734, 0xC638, 0xE734, 0xC638, 0xE734, 0xC638, 0xE734, 0xC638, 0xE734, 0xC638,
  0xE734, 0xC638, 0xE734, 0xC638, 0xE734, 0xC638, 0xE734, 0xC638, 0xC638, 0xC638, 0xC638, 0xC638,
  0xC638, 0xC638, 0xE734, 0xC638, 0xE734, 0xC638, 0xE734, 0xC638, 0xE734, 0xC638, 0xE734, 0xC638,
  0xE734, 0xC638, 0xE734, 0xC638, 0xE734, 0xC638, 0xE734, 0xC638, 0xE734, 0xC638, 0xC638, 0xC638,
  0xC638, 0xC638, 0xC638, 0xC638, 0xE734, 0xC638, 0xE734, 0xC638, 0xE734, 0xC638, 0xE734, 0xC638,
  0xE734, 0xC638, 0xE734, 0xC638, 0xE734, 0xC638, 0xE734, 0xC638, 0xE734, 0xC638, 0xE734, 0xC638,
  0xE734, 0xC638, 0xE734, 0xC638, 0xE734, 0xC638, 0xE734, 0xC638, 0xE734, 0xC638, 0xE734, 0xC638,
  0xE734, 0xC638, 0xE734, 0xC638, 0xE734, 0xC638, 0xE734, 0xC638, 0xE734, 0xC638, 0xE734, 0xC638,
  0xE734, 0xC638, 0xE734, 0xC638, 0xE734, 0xC638, 0xE734, 0xC638, 0xE734, 0xC638, 0xE734, 0xC638,
  0xE734, 0xC638, 0xE734, 0xC638, 0xE734, 0xC638, 0xE734, 0xC638, 0xE734, 0xC638, 0xE734, 0xC638,
  0xE734, 0xC638, 0xE734, 0xC638, 0xE734, 0xC638, 0xE734, 0xC638, 0xE734, 0xC638, 0xE734, 0xC638,
  0xE734, 0xC638, 0xE734, 0xC638, 0xE734, 0xC638, 0xE734, 0xC638, 0xE734, 0xC638, 0xE734, 0xC638,
  0xE734, 0xC638, 0xE734, 0xC638, 0xC638, 0xE734, 0xC638, 0xC638, 0xC638, 0xC638, 0xC638, 0xC638,
  0xC638, 0xC638, 0xC638, 0xC638, 0xC638, 0xC638, 0xC638, 0xC638, 0xC638, 0xC638, 0xC638, 0xE734,
  0xC638, 0xE734, 0xC638, 0xE734, 0xC638, 0xE734, 0xC638, 0xE734, 0xC638, 0xE734, 0xC638, 0xC638,
  0xC638, 0xC638, 0xC638, 0xC638, 0xC638, 0xC638, 0xC638, 0xC638, 0xC638, 0xE734, 0xC638, 0xE734,
  0xC638, 0xE734, 0xC638, 0xE734, 0xC638, 0xE734, 0xC638, 0xE734, 0xC638, 0xE734, 0xC638, 0xC638,
  0xC638, 0xC638, 0xC638, 0xC638, 0xC638, 0xC638, 0xC638, 0xC638, 0xC638, 0xC638, 0xC638, 0xC638,
  0xC638, 0xC638, 0xC638, 0xC638, 0xC638, 0xC638, 0xC638, 0xE734, 0xC638, 0xE734, 0xC638, 0xE734,
  0xC638, 0xE734, 0xC638, 0xE734, 0xC638, 0xE734, 0xC638, 0xE734, 0xC638, 0xE734, 0xC638, 0xC638,
  0xC638, 0xC638, 0xC638, 0xE734, 0xC638, 0xE734, 0xC638, 0xE734, 0xC638, 0xE734, 0xC638, 0xE734,
  0xC638, 0xE734, 0xC638, 0xE734, 0xC638, 0xE734, 0xC638, 0xE734, 0xC638, 0xE734, 0xC638, 0xE734,
  0xC638, 0xE734, 0xC638, 0xE734, 0xC638, 0xE734, 0xC638, 0xE734, 0xC638, 0xC638, 0xC638, 0xC638,
  0xC638, 0xC638, 0xC638, 0xE734, 0xC638, 0xE734, 0xC638, 0xE734, 0xC638, 0xE734, 0xC638, 0xE734,
  0xC638, 0xE734, 0xC638, 0xE734, 0xC638, 0xE734, 0xC638, 0xE734, 0xC638, 0xE734, 0xC638, 0xE734,
  0xC638, 0xE734, 0xC638, 0xC638, 0xC638, 0xC638, 0xC638, 0xE734, 0xC638, 0xC638, 0xC638, 0xC638,
  0xC638, 0xC638, 0xC638, 0xC638, 0xC638, 0xC638, 0xC638, 0xC638, 0xC638, 0xC638, 0xC638, 0xC638,
  0xC638, 0xC638, 0xC638, 0xC638, 0xC638, 0xC638, 0xC638, 0xC638, 0xC638, 0xC638, 0xC638, 0xC638,
  0xC638, 0xC638, 0xC638, 0xC638, 0xC638, 0xC638, 0xC638, 0xC638, 0xC638, 0xC638, 0xC638, 0xC638,
  0xC638, 0xC638, 0xC638, 0xC638, 0xC638, 0xC638, 0xC638, 0xC638, 0xC638, 0xC638, 0xC638, 0xC638,
  0xC638, 0xC638, 0xC638, 0xC638, 0xC638, 0xC638, 0xC638, 0xC638, 0xC638, 0xC638, 0xC638, 0xC638,
  0xC638, 0xC638, 0xC638, 0xC638, 0xC638, 0xC638, 0xC638, 0xC638, 0xC638, 0xC638, 0xC638, 0xC638,
  0xC638, 0xC638, 0xC638, 0xC638, 0xE734, 0xC638, 0xE734, 0xC638, 0xE734, 0xC638, 0xE734, 0xC638,
  0xC638, 0xC638, 0xC638, 0xC638, 0xC638, 0xC638, 0xC638, 0xC638, 0xC638, 0xC638, 0xC638, 0xC638,
  0xE734, 0xC638, 0xE734, 0xC638, 0xE734, 0xC638, 0xE734, 0xC638, 0xE734, 0xC638, 0xE734, 0xC638,
  0xC638, 0xC638, 0xC638, 0xC638, 0xC638, 0xC638, 0xC638, 0xC638, 0xC638, 0xC638, 0xC638, 0xC638,
  0xC638, 0xC638, 0xC638, 0xC638, 0xC638, 0xC638, 0xC638, 0xC638, 0xC638, 0xC638, 0xE734, 0xC638,
  0xE734, 0xC638, 0xE734, 0xC638, 0xE734, 0xC638, 0xE734, 0xC638, 0xE734, 0xC638, 0xC638, 0xC638,
  0xC638, 0xC638, 0xC638, 0xC638, 0xC638, 0xC638, 0xC638, 0xC638, 0xC638, 0xC638, 0xC638, 0xC638,
  0xE734, 0xE734, 0xE734, 0xE734, 0xE734, 0xE734, 0xE734, 0xE734, 0xE734, 0xE734, 0xE734, 0xE734,
  0xE734, 0xE734, 0xE734, 0xEE33, 0xE734, 0xE734, 0xE734, 0xEE33, 0xE734, 0xE734, 0xE734, 0xE734,
  0xE734, 0xE734, 0xE734, 0xE734, 0xE734, 0xE734, 0xE734, 0xE734, 0xE734, 0xEE33, 0xE734, 0xEE33,
  0xE734, 0xE734, 0xE734, 0xEE33, 0xEE33, 0xEE33, 0xE734, 0xEE33, 0xE734, 0xE734, 0xE734, 0xE734,
  0xE734, 0xE734, 0xE734, 0xE734, 0xE734, 0xE734, 0xE734, 0xEE33, 0xE734, 0xEE33, 0xE734, 0xEE33,
  0xE734, 0xEE33, 0xE734, 0xEE33, 0xE734, 0xEE33, 0xE734, 0xEE33, 0xE734, 0xEE33, 0xE734, 0xEE33,
  0xEE33, 0xEE33, 0xEE33, 0xEE33, 0xE734, 0xEE33, 0xE734, 0xEE33, 0xC638, 0xC638, 0xC638, 0xC638,
  0xC638, 0xC638, 0xC638, 0xC638, 0xC638, 0xC638, 0xC638, 0xC638, 0xC638, 0xC638, 0xC638, 0xC638,
  0xC638, 0xC638, 0xC638, 0xC638, 0xC638, 0xC638, 0xC638, 0xC638, 0xC638, 0xC638, 0xC638, 0xC638,
  0xC638, 0xC638, 0xC638, 0xC638, 0xC638, 0xC638, 0xC638, 0xC638, 0xC638, 0xC638, 0xC638, 0xC638,
  0xC638, 0xC638, 0xC638, 0xC638, 0xC638, 0xC638, 0xC638, 0xC638, 0xC638, 0xC638, 0xC638, 0xC638,
  0xC638, 0xC638, 0xC638, 0xC638, 0xC638, 0xC638, 0xC638, 0xC638, 0xC638, 0xC638, 0xC638, 0xC638,
  0xC638, 0xC638, 0xC638, 0xC638, 0xC638, 0xC638, 0xC638, 0xC638, 0xC638, 0xC638, 0xC638, 0xC638,
  0xC638, 0xC638, 0xC638, 0xC638, 0xE734, 0xE734, 0xE734, 0xE734, 0xE734, 0xE734, 0xE734, 0xE734,
  0xEE33, 0xE734, 0xE734, 0xE734, 0xE734, 0xE734, 0xEE33, 0xE734, 0xE734, 0xE734, 0xEE33, 0xE734,
  0xE734, 0xE734, 0xE734, 0xE734, 0xE734, 0xE734, 0xE734, 0xE734, 0xE734, 0xE734, 0xEE33, 0xE734,
  0xEE33, 0xEE33, 0xEE33, 0xEE33, 0xEE33, 0xE734, 0xEE33, 0xEE33, 0xEE33, 0xE734, 0xEE33, 0xE734,
  0xE734, 0xE734, 0xE734, 0xE734, 0xE734, 0xE734, 0xE734, 0xE734, 0xE734, 0xE734, 0xE734, 0xE734,
  0xEE33, 0xE734, 0xE734, 0xE734, 0xEE33, 0xE734, 0xEE33, 0xE734, 0xE734, 0xE734, 0xEE33, 0xE734,
  0xEE33, 0xE734, 0xEE33, 0xEE33, 0xEE33, 0xEE33, 0xEE33, 0xEE33, 0xEE33, 0xE734, 0xEE33, 0xE734,
  0xEE33, 0xE734, 0xEE33, 0xE734, 0xEE33, 0xE734, 0xEE33, 0xE734, 0xEE33, 0xE734, 0xEE33, 0xE734,
  0xE734, 0xE734, 0xE734, 0xE734, 0xE734, 0xE734, 0xE734, 0xE734, 0xE734, 0xE734, 0xE734, 0xE734,
  0xE734, 0xE734, 0xE734, 0xE734, 0xE734, 0xE734, 0xE734, 0xE734, 0xE734, 0xE734, 0xE734, 0xE734,
  0xE734, 0xE734, 0xE734, 0xE734, 0xEE33, 0xEE33, 0xEE33, 0xE734, 0xEE33, 0xE734, 0xE734, 0xE734,
  0xEE33, 0xE734, 0xE734, 0xE734, 0xE734, 0xE734, 0xE734, 0xE734, 0xE734, 0xE734, 0xE734, 0xE734,
  0xE734, 0xE734, 0xE734, 0xE734, 0xE734, 0xE734, 0xE734, 0xE734, 0xE734, 0xE734, 0xE734, 0xE734,
  0xE734, 0xE734, 0xE734, 0xE734, 0xE734, 0xE734, 0xE734, 0xEE33, 0xE734, 0xE734, 0xE734, 0xE734,
  0xE734, 0xE734, 0xE734, 0xEE33, 0xE734, 0xE734, 0xE734, 0xE734, 0xE734, 0xEE33, 0xE734, 0xEE33,
  0xE734, 0xEE33, 0xE734, 0xEE33, 0xE734, 0xE734, 0xE734, 0xE734, 0xE734, 0xE734, 0xE734, 0xE734,
  0xE734, 0xEE33, 0xE734, 0xEE33, 0xE734, 0xEE33, 0xEE33, 0xEE33, 0xEE33, 0xEE33, 0xE734, 0xEE33,
  0xE734, 0xE734, 0xE734, 0xE734, 0xE734, 0xE734, 0xE734, 0xE734, 0xE734, 0xE734, 0xE734, 0xE734,
  0xE734, 0xE734, 0xE734, 0xEE33, 0xE734, 0xE734, 0xE734, 0xE734, 0xE734, 0xEE33, 0xE734, 0xE734,
  0xE734, 0xEE33, 0xE734, 0xEE33, 0xE734, 0xEE33, 0xE734, 0xEE33, 0xE734, 0xEE33, 0xEE33, 0xEE33,
  0xEE33, 0xEE33, 0xE734, 0xEE33, 0xE734, 0xEE33, 0xE734, 0xEE33, 0xE734, 0xEE33, 0xE734, 0xEE33,
  0xE734, 0xEE33, 0xE734, 0xE734, 0xE734, 0xE734, 0xE734, 0xE734, 0xE734, 0xE734, 0xE734, 0xE734,
  0xE734, 0xE734, 0xE734, 0xE734, 0xE734, 0xE734, 0xE734, 0xE734, 0xE734, 0xE734, 0xE734, 0xE734,
  0xE734, 0xE734, 0xE734, 0xE734, 0xE734, 0xE734, 0xE734, 0xEE33, 0xE734, 0xEE33, 0xE734, 0xEE33,
  0xE734, 0xEE33, 0xE734, 0xEE33, 0xE734, 0xE734, 0xE734, 0xE734, 0xE734, 0xEE33, 0xE734, 0xEE33,
  0xE734, 0xE734, 0xE734, 0xE734, 0xE734, 0xE734, 0xE734, 0xE734, 0xE734, 0xE734, 0xE734, 0xE734,
  0xE734, 0xE734, 0xE734, 0xE734, 0xE734, 0xE734, 0xEE33, 0xE734, 0xE734, 0xE734, 0xEE33, 0xE734,
  0xE734, 0xE734, 0xE734, 0xE734, 0xE734, 0xE734, 0xEE33, 0xE734, 0xE734, 0xE734, 0xE734, 0xE734,
  0xEE33, 0xE734, 0xEE33, 0xE734, 0xEE33, 0xE734, 0xEE33, 0xE734, 0xE734, 0xE734, 0xE734, 0xE734,
  0xE734, 0xE734, 0xE734, 0xE734, 0xE734, 0xE734, 0xEE33, 0xE734, 0xEE33, 0xEE33, 0xEE33, 0xEE33,
  0xEE33, 0xEE33, 0xEE33, 0xEE33, 0xEE33, 0xE734, 0xEE33, 0xE734, 0xE734, 0xE734, 0xE734, 0xE734,
  0xE734, 0xE734, 0xE734, 0xE734, 0xE734, 0xE734, 0xE734, 0xE734, 0xE734, 0xE734, 0xE734, 0xE734,
  0xEE33, 0xE734, 0xE734, 0xE734, 0xE734, 0xE734, 0xEE33, 0xE734, 0xE734, 0xE734, 0xEE33, 0xE734,
  0xEE33, 0xEE33, 0xEE33, 0xE734, 0xEE33, 0xE734, 0xEE33, 0xE734, 0xE734, 0xE734, 0xEE33, 0xE734,
  0xEE33, 0xE734, 0xE734, 0xE734, 0xEE33, 0xE734, 0xE734, 0xE734, 0xE734, 0xE734, 0xE734, 0xE734,
  0xE734, 0xE734, 0xE734, 0xE734, 0xE734, 0xE734, 0xE734, 0xE734, 0xE734, 0xE734, 0xE734, 0xE734,
  0xE734, 0xE734, 0xE734, 0xE734, 0xE734, 0xE734, 0xE734, 0xE734, 0xE734, 0xE734, 0xEE33, 0xE734,
  0xE734, 0xE734, 0xEE33, 0xEE33, 0xEE33, 0xE734, 0xEE33, 0xE734, 0xE734, 0xE734, 0xE734, 0xE734,
  0xEE33, 0xE734, 0xEE33, 0xE734, 0xE734, 0xE734, 0xE734, 0xE734, 0xE734, 0xE734, 0xE734, 0xE734,
  0xE734, 0xE734, 0xE734, 0xE734, 0xE734, 0xE734, 0xE734, 0xEE33, 0xE734, 0xEE33, 0xE734, 0xE734,
  0xE734, 0xEE33, 0xE734, 0xEE33, 0xE734, 0xE734, 0xE734, 0xE734, 0xE734, 0xEE33, 0xE734, 0xE734,
  0xE734, 0xE734, 0xE734, 0xEE33, 0xE734, 0xEE33, 0xEE33, 0xEE33, 0xE734, 0xEE33, 0xE734, 0xEE33,
  0xE734, 0xE734, 0xE734, 0xE734, 0xE734, 0xE734, 0xE734, 0xE734, 0xE734, 0xEE33, 0xE734, 0xEE33,
  0xE734, 0xEE33, 0xEE33, 0xEE33, 0xEE33, 0xEE33, 0xEE33, 0xEE33, 0xE734, 0xEE33, 0xE734, 0xE734,
  0xE734, 0xE734, 0xE734, 0xE734, 0xE734, 0xE734, 0xE734, 0xE734, 0xE734, 0xE734, 0xE734, 0xE734,
  0xE734, 0xE734, 0xE734, 0xE734, 0xE734, 0xE734, 0xE734, 0xE734, 0xE734, 0xEE33, 0xE734, 0xE734,
  0xE734, 0xEE33, 0xE734, 0xEE33, 0xE734, 0xEE33, 0xE734, 0xEE33, 0xE734, 0xEE33, 0xE734, 0xE734,
  0xE734, 0xEE33, 0xE734, 0xEE33, 0xE734, 0xE734, 0xE734, 0xEE33, 0xE734, 0xE734, 0xE734, 0xE734,
  0xE734, 0xE734, 0xE734, 0xE734, 0xE734, 0xE734, 0xE734, 0xE734, 0xE734, 0xE734, 0xE734, 0xE734,
  0xE734, 0xE734, 0xE734, 0xE734, 0xE734, 0xE734, 0xE734, 0xE734, 0xE734, 0xE734, 0xE734, 0xE734,
  0xE734, 0xE734, 0xE734, 0xE734, 0xE734, 0xEE33, 0xE734, 0xEE33, 0xE734, 0xE734, 0xE734, 0xEE33,
  0xE734, 0xE734, 0xE734, 0xEE33, 0xE734, 0xEE33, 0xEE33, 0xEE33, 0xE734, 0xE734, 0xE734, 0xE734,
  0xE734, 0xE734, 0xE734, 0xE734, 0xE734, 0xE734, 0xE734, 0xE734, 0xE734, 0xE734, 0xEE33, 0xEE33,
  0xEE33, 0xE734, 0xEE33, 0xE734, 0xEE33, 0xE734, 0xEE33, 0xE734, 0xE734, 0xE734, 0xE734, 0xE734,
  0xE734, 0xE734, 0xE734, 0xE734, 0xE734, 0xE734, 0xEE33, 0xE734, 0xEE33, 0xEE33, 0xEE33, 0xEE33,
  0xEE33, 0xE734, 0xEE33, 0xE734, 0xE734, 0xE734, 0xE734, 0xE734, 0xE734, 0xE734, 0xE734, 0xE734,
  0xE734, 0xE734, 0xEE33, 0xE734, 0xEE33, 0xE734, 0xEE33, 0xEE33, 0xEE33, 0xEE33, 0xEE33, 0xEE33,
  0xEE33, 0xE734, 0xE734, 0xE734, 0xE734, 0xE734, 0xE734, 0xE734, 0xE734, 0xE734, 0xE734, 0xE734,
  0xE734, 0xE734, 0xE734, 0xE734, 0xE734, 0xE734, 0xE734, 0xE734, 0xE734, 0xE734, 0xE734, 0xE734,
  0xE734, 0xE734, 0xE734, 0xE734, 0xE734, 0xE734, 0xE734, 0xE734, 0xEE33, 0xE734, 0xEE33, 0xE734,
  0xE734, 0xE734, 0xE734, 0xE734, 0xE734, 0xE734, 0xEE33, 0xE734, 0xE734, 0xE734, 0xEE33, 0xE734,
  0xE734, 0xE734, 0xEE33, 0xE734, 0xE734, 0xE734, 0xE734, 0xE734, 0xE734, 0xE734, 0xE734, 0xE734,
  0xE734, 0xE734, 0xE734, 0xE734, 0xE734, 0xE734, 0xE734, 0xE734, 0xE734, 0xE734, 0xE734, 0xE734,
  0xE734, 0xE734, 0xE734, 0xE734, 0xE734, 0xE734, 0xE734, 0xE734, 0xE734, 0xE734, 0xEE33, 0xE734,
  0xE734, 0xE734, 0xEE33, 0xE734, 0xE734, 0xE734, 0xEE33, 0xE734, 0xEE33, 0xE734, 0xEE33, 0xE734,
  0xE734, 0xE734, 0xE734, 0xE734, 0xE734, 0xE734, 0xE734, 0xE734, 0xE734, 0xE734, 0xE734, 0xE734,
  0xE734, 0xE734, 0xE734, 0xEE33, 0xE734, 0xEE33, 0xE734, 0xEE33, 0xE734, 0xEE33, 0xEE33, 0xEE33,
  0xE734, 0xE734, 0xE734, 0xE734, 0xE734, 0xE734, 0xE734, 0xE734, 0xE734, 0xE734, 0xE734, 0xEE33,
  0xEE33, 0xEE33, 0xEE33, 0xEE33, 0xEE33, 0xEE33, 0xE734, 0xEE33, 0xE734, 0xE734, 0xE734, 0xE734,
  0xE734, 0xE734, 0xE734, 0xE734, 0xE734, 0xE734, 0xE734, 0xE734, 0xE734, 0xEE33, 0xE734, 0xEE33,
  0xE734, 0xEE33, 0xEE33, 0xEE33, 0xE734, 0xE734, 0xE734, 0xE734, 0xE734, 0xE734, 0xE734, 0xE734,
  0xE734, 0xEE33, 0xE734, 0xE734, 0xE734, 0xE734, 0xE734, 0xE734, 0xE734, 0xE734, 0xE734, 0xE734,
  0xE734, 0xE734, 0xE734, 0xE734, 0xE734, 0xE734, 0xE734, 0xE734, 0xE734, 0xE734, 0xE734, 0xEE33,
  0xE734, 0xE734, 0xE734, 0xE734, 0xE734, 0xE734, 0xE734, 0xE734, 0xE734, 0xEE33, 0xE734, 0xE734,
  0xE734, 0xE734, 0xE734, 0xEE33, 0xE734, 0xEE33, 0xE734, 0xE734, 0xE734, 0xE734, 0xE734, 0xEE33,
  0xE734, 0xE734, 0xE734, 0xE734, 0xE734, 0xE734, 0xE734, 0xE734, 0xE734, 0xE734, 0xE734, 0xE734,
  0xE734, 0xE734, 0xE734, 0xE734, 0xE734, 0xE734, 0xE734, 0xE734, 0xE734, 0xE734, 0xE734, 0xE734,
  0xE734, 0xEE33, 0xE734, 0xE734, 0xE734, 0xEE33, 0xE734, 0xEE33, 0xE734, 0xEE33, 0xE734, 0xEE33,
  0xE734, 0xE734, 0xE734, 0xEE33, 0xE734, 0xE734, 0xE734, 0xE734, 0xE734, 0xE734, 0xE734, 0xE734,
  0xE734, 0xE734, 0xE734, 0xE734, 0xE734, 0xE734, 0xEE33, 0xE734, 0xE734, 0xE734, 0xEE33, 0xE734,
  0xEE33, 0xEE33, 0xEE33, 0xEE33, 0xE734, 0xE734, 0xE734, 0xE734, 0xE734, 0xE734, 0xE734, 0xE734,
  0xE734, 0xE734, 0xEE33, 0xE734, 0xEE33, 0xEE33, 0xEE33, 0xEE33, 0xEE33, 0xEE33, 0xEE33, 0xE734,
  0xE734, 0xE734, 0xE734, 0xE734, 0xE734, 0xE734, 0xE734, 0xE734, 0xE734, 0xE734, 0xE734, 0xE734,
  0xE734, 0xE734, 0xEE33, 0xE734, 0xEE33, 0xE734, 0xEE33, 0xEE33, 0xEE33, 0xE734, 0xEE33, 0xE734,
  0xE734, 0xE734, 0xE734, 0xE734, 0xEE33, 0xE734, 0xE734, 0xE734, 0xE734, 0xE734, 0xE734, 0xE734,
  0xE734, 0xE734, 0xE734, 0xE734, 0xE734, 0xE734, 0xE734, 0xE734, 0xE734, 0xE734, 0xE734, 0xE734,
  0xE734, 0xE734, 0xEE33, 0xE734, 0xE734, 0xE734, 0xE734, 0xE734, 0xE734, 0xE734, 0xE734, 0xE734,
  0xE734, 0xE734, 0xE734, 0xE734, 0xEE33, 0xE734, 0xEE33, 0xE734, 0xEE33, 0xE734, 0xE734, 0xE734,
  0xE734, 0xE734, 0xEE33, 0xE734, 0xE734, 0xE734, 0xE734, 0xE734, 0xE734, 0xE734, 0xE734, 0xE734,
  0xE734, 0xE734, 0xE734, 0xE734, 0xE734, 0xE734, 0xE734, 0xE734, 0xE734, 0xE734, 0xE734, 0xE734,
  0xE734, 0xE734, 0xE734, 0xE734, 0xE734, 0xE734, 0xEE33, 0xE734, 0xEE33, 0xE734, 0xEE33, 0xE734,
  0xEE33, 0xE734, 0xEE33, 0xE734, 0xEE33, 0xE734, 0xE734, 0xE734, 0xE734, 0xE734, 0xE734, 0xE734,
  0xE734, 0xE734, 0xE734, 0xE734, 0xE734, 0xE734, 0xE734, 0xE734, 0xE734, 0xEE33, 0xE734, 0xE734,
  0xE734, 0xEE33, 0xE734, 0xEE33, 0xEE33, 0xEE33, 0xEE33, 0xEE33, 0xE734, 0xE734, 0xE734, 0xE734,
  0xE734, 0xE734, 0xE734, 0xE734, 0xE734, 0xEE33, 0xE734, 0xEE33, 0xE734, 0xEE33, 0xEE33, 0xEE33,
  0xEE33, 0xEE33, 0xE734, 0xEE33, 0xE734, 0xE734, 0xE734, 0xE734, 0xE734, 0xE734, 0xE734, 0xE734,
  0xE734, 0xE734, 0xE734, 0xE734, 0xE734, 0xEE33, 0xE734, 0xEE33, 0xE734, 0xEE33, 0xE734, 0xEE33,
  0xEE33, 0xEE33, 0xE734, 0xE734, 0xE734, 0xEE33, 0xE734, 0xEE33, 0xE734, 0xE734, 0xE734, 0xE734,
  0xE734, 0xE734, 0xE734, 0xE734, 0xE734, 0xE734, 0xE734, 0xE734, 0xE734, 0xE734, 0xE734, 0xE734,
  0xE734, 0xE734, 0xE734, 0xE734, 0xE734, 0xE734, 0xE734, 0xE734, 0xE734, 0xEE33, 0xE734, 0xE734,
  0xE734, 0xE734, 0xE734, 0xE734, 0xE734, 0xE734, 0xE734, 0xEE33, 0xE734, 0xEE33, 0xEE33, 0xEE33,
  0xEE33, 0xEE33, 0xE734, 0xE734, 0xE734, 0xEE33, 0xEE33, 0xEE33, 0xE734, 0xEE33, 0xE734, 0xE734,
  0xE734, 0xE734, 0xE734, 0xE734, 0xE734, 0xE734, 0xE734, 0xE734, 0xE734, 0xE734, 0xE734, 0xE734,
  0xE734, 0xE734, 0xE734, 0xE734, 0xE734, 0xE734, 0xE734, 0xE734, 0xE734, 0xEE33, 0xE734, 0xEE33,
  0xE734, 0xEE33, 0xE734, 0xEE33, 0xE734, 0xEE33, 0xE734, 0xE734, 0xE734, 0xE734, 0xE734, 0xE734,
  0xE734, 0xE734, 0xE734, 0xE734, 0xE734, 0xE734, 0xE734, 0xE734, 0xE734, 0xE734, 0xE734, 0xE734,
  0xE734, 0xE734, 0xE734, 0xE734, 0xE734, 0xE734, 0xEE33, 0xEE33, 0xEE33, 0xEE33, 0xEE33, 0xEE33,
  0xE734, 0xE734, 0xE734, 0xE734, 0xE734, 0xE734, 0xE734, 0xE734, 0xEE33, 0xE734, 0xEE33, 0xE734,
  0xE734, 0xE734, 0xEE33, 0xEE33, 0xEE33, 0xEE33, 0xEE33, 0xE734, 0xEE33, 0xE734, 0xE734, 0xE734,
  0xE734, 0xE734, 0xEE33, 0xE734, 0xE734, 0xE734, 0xE734, 0xE734, 0xE734, 0xE734, 0xEE33, 0xE734,
  0xE734, 0xE734, 0xEE33, 0xEE33, 0xEE33, 0xE734, 0xE734, 0xE734, 0xEE33, 0xE734, 0xE734, 0xE734,
  0xE734, 0xE734, 0xE734, 0xE734, 0xE734, 0xE734, 0xE734, 0xE734, 0xE734, 0xE734, 0xE734, 0xE734,
  0xE734, 0xE734, 0xE734, 0xE734, 0xE734, 0xE734, 0xE734, 0xE734, 0xE734, 0xE734, 0xE734, 0xE734,
  0xEE33, 0xE734, 0xE734, 0xE734, 0xE734, 0xE734, 0xE734, 0xE734, 0xE734, 0xE734, 0xE734, 0xE734,
  0xEE33, 0xEE33, 0xEE33, 0xEE33, 0xEE33, 0xEE33, 0xEE33, 0xE734, 0xE734, 0xE734, 0xEE33, 0xE734,
  0xEE33, 0xE734, 0xE734, 0xE734, 0xE734, 0xE734, 0xE734, 0xE734, 0xE734, 0xE734, 0xE734, 0xE734,
  0xE734, 0xE734, 0xE734, 0xE734, 0xE734, 0xE734, 0xE734, 0xE734, 0xE734, 0xE734, 0xEE33, 0xE734,
  0xEE33, 0xE734, 0xEE33, 0xE734, 0xEE33, 0xEE33, 0xEE33, 0xEE33, 0xEE33, 0xE734, 0xEE33, 0xE734,
  0xE734, 0xE734, 0xE734, 0xE734, 0xE734, 0xE734, 0xE734, 0xE734, 0xE734, 0xE734, 0xE734, 0xE734,
  0xE734, 0xE734, 0xE734, 0xE734, 0xE734, 0xE734, 0xE734, 0xE734, 0xE734, 0xEE33, 0xE734, 0xEE33,
  0xEE33, 0xEE33, 0xEE33, 0xEE33, 0xE734, 0xE734, 0xE734, 0xE734, 0xE734, 0xE734, 0xE734, 0xE734,
  0xE734, 0xE734, 0xE734, 0xE734, 0xE734, 0xEE33, 0xE734, 0xEE33, 0xEE33, 0xEE33, 0xEE33, 0xEE33,
  0xE734, 0xE734, 0xE734, 0xE734, 0xE734, 0xEE33, 0xE734, 0xE734, 0xE734, 0xE734, 0xE734, 0xE734,
  0xE734, 0xEE33, 0xE734, 0xE734, 0xE734, 0xEE33, 0xE734, 0xEE33, 0xEE33, 0xEE33, 0xE734, 0xEE33,
  0xEE33, 0xEE33, 0xE734, 0xEE33, 0xE734, 0xE734, 0xE734, 0xE734, 0xE734, 0xE734, 0xE734, 0xE734,
  0xE734, 0xE734, 0xE734, 0xE734, 0xE734, 0xE734, 0xE734, 0xE734, 0xE734, 0xE734, 0xE734, 0xE734,
  0xE734, 0xE734, 0xE734, 0xEE33, 0xEE33, 0xEE33, 0xE734, 0xE734, 0xE734, 0xE734, 0xE734, 0xE734,
  0xE734, 0xE734, 0xE734, 0xEE33, 0xE734, 0xEE33, 0xEE33, 0xEE33, 0xEE33, 0xEE33, 0xE734, 0xEE33,
  0xE734, 0xE734, 0xE734, 0xEE33, 0xE734, 0xEE33, 0xE734, 0xE734, 0xE734, 0xE734, 0xE734, 0xEE33,
  0xE734, 0xE734, 0xE734, 0xE734, 0xE734, 0xE734, 0xE734, 0xE734, 0xE734, 0xE734, 0xE734, 0xE734,
  0xE734, 0xEE33, 0xEE33, 0xEE33, 0xE734, 0xE734, 0xE734, 0xE734, 0xE734, 0xEE33, 0xEE33, 0xEE33,
  0xE734, 0xEE33, 0xE734, 0xEE33, 0xE734, 0xE734, 0xE734, 0xE734, 0xE734, 0xE734, 0xE734, 0xE734,
  0xE734, 0xE734, 0xE734, 0xE734, 0xE734, 0xE734, 0xE734, 0xE734, 0xE734, 0xE734, 0xE734, 0xE734,
  0xEE33, 0xE734, 0xEE33, 0xEE33, 0xEE33, 0xEE33, 0xEE33, 0xEE33, 0xE734, 0xE734, 0xE734, 0xE734,
  0xE734, 0xE734, 0xE734, 0xE734, 0xE734, 0xE734, 0xE734, 0xE734, 0xEE33, 0xE734, 0xEE33, 0xEE33,
  0xEE33, 0xEE33, 0xEE33, 0xE734, 0xE734, 0xE734, 0xE734, 0xE734, 0xEE33, 0xE734, 0xE734, 0xE734,
  0xE734, 0xE734, 0xE734, 0xE734, 0xE734, 0xE734, 0xE734, 0xE734, 0xEE33, 0xE734, 0xEE33, 0xE734,
  0xEE33, 0xEE33, 0xEE33, 0xE734, 0xEE33, 0xE734, 0xEE33, 0xE734, 0xE734, 0xE734, 0xE734, 0xE734,
  0xE734, 0xE734, 0xE734, 0xE734, 0xE734, 0xE734, 0xE734, 0xE734, 0xE734, 0xE734, 0xE734, 0xE734,
  0xE734, 0xE734, 0xE734, 0xE734, 0xE734, 0xE734, 0xEE33, 0xE734, 0xEE33, 0xE734, 0xE734, 0xE734,
  0xE734, 0xE734, 0xE734, 0xE734, 0xE734, 0xE734, 0xEE33, 0xE734, 0xEE33, 0xEE33, 0xEE33, 0xEE33,
  0xEE33, 0xEE33, 0xEE33, 0xE734, 0xE734, 0xE734, 0xEE33, 0xE734, 0xEE33, 0xE734, 0xEE33, 0xE734,
  0xE734, 0xE734, 0xEE33, 0xE734, 0xE734, 0xE734, 0xE734, 0xE734, 0xE734, 0xE734, 0xE734, 0xE734,
  0xE734, 0xE734, 0xE734, 0xE734, 0xE734, 0xE734, 0xEE33, 0xE734, 0xE734, 0xE734, 0xE734, 0xE734,
  0xEE33, 0xE734, 0xEE33, 0xEE33, 0xEE33, 0xEE33, 0xEE33, 0xE734, 0xEE33, 0xE734, 0xE734, 0xE734,
  0xEE33, 0xE734, 0xE734, 0xE734, 0xE734, 0xE734, 0xE734, 0xE734, 0xE734, 0xE734, 0xE734, 0xE734,
  0xE734, 0xE734, 0xE734, 0xEE33, 0xE734, 0xEE33, 0xE734, 0xEE33, 0xEE33, 0xEE33, 0xEE33, 0xEE33,
  0xE734, 0xE734, 0xE734, 0xE734, 0xE734, 0xE734, 0xE734, 0xE734, 0xE734, 0xEE33, 0xE734, 0xE734,
  0xE734, 0xEE33, 0xE734, 0xEE33, 0xEE33, 0xEE33, 0xE734, 0xEE33, 0xE734, 0xEE33, 0xE734, 0xE734,
  0xE734, 0xE734, 0xE734, 0xEE33, 0xE734, 0xE734, 0xE734, 0xE734, 0xE734, 0xE734, 0xE734, 0xEE33,
  0xE734, 0xEE33, 0xE734, 0xEE33, 0xEE33, 0xEE33, 0xEE33, 0xEE33, 0xEE33, 0xEE33, 0xE734, 0xE734,
  0xE734, 0xEE33, 0xE734, 0xE734, 0xE734, 0xEE33, 0xE734, 0xE734, 0xE734, 0xE734, 0xE734, 0xE734,
  0xE734, 0xE734, 0xE734, 0xE734, 0xE734, 0xE734, 0xE734, 0xE734, 0xE734, 0xEE33, 0xE734, 0xE734,
  0xE734, 0xE734, 0xE734, 0xE734, 0xE734, 0xE734, 0xE734, 0xE734, 0xE734, 0xEE33, 0xE734, 0xE734,
  0xE734, 0xEE33, 0xE734, 0xEE33, 0xEE33, 0xEE33, 0xEE33, 0xEE33, 0xE734, 0xEE33, 0xE734, 0xEE33,
  0xE734, 0xE734, 0xE734, 0xEE33, 0xE734, 0xEE33, 0xE734, 0xE734, 0xE734, 0xE734, 0xE734, 0xE734,
  0xE734, 0xE734, 0xE734, 0xE734, 0xE734, 0xE734, 0xE734, 0xE734, 0xE734, 0xEE33, 0xE734, 0xE734,
  0xE734, 0xE734, 0xE734, 0xEE33, 0xE734, 0xEE33, 0xE734, 0xEE33, 0xEE33, 0xEE33, 0xEE33, 0xEE33,
  0xE734, 0xE734, 0xE734, 0xEE33, 0xE734, 0xE734, 0xE734, 0xE734, 0xE734, 0xE734, 0xE734, 0xE734,
  0xE734, 0xE734, 0xE734, 0xE734, 0xE734, 0xE734, 0xEE33, 0xE734, 0xE734, 0xE734, 0xEE33, 0xEE33,
  0xEE33, 0xEE33, 0xEE33, 0xEE33, 0xE734, 0xE734, 0xE734, 0xE734, 0xE734, 0xE734, 0xE734, 0xE734,
  0xEE33, 0xE734, 0xE734, 0xE734, 0xEE33, 0xE734, 0xEE33, 0xEE33, 0xEE33, 0xEE33, 0xEE33, 0xE734,
  0xEE33, 0xE734, 0xE734, 0xE734, 0xE734, 0xE734, 0xEE33, 0xE734, 0xE734, 0xE734, 0xE734, 0xE734,
  0xE734, 0xE734, 0xE734, 0xE734, 0xE734, 0xE734, 0xE734, 0xE734, 0xE734, 0xE734, 0xEE33, 0xEE33,
  0xEE33, 0xE734, 0xEE33, 0xE734, 0xEE33, 0xE734, 0xEE33, 0xE734, 0xEE33, 0xE734, 0xE734, 0xE734,
  0xE734, 0xE734, 0xE734, 0xE734, 0xE734, 0xE734, 0xE734, 0xE734, 0xE734, 0xE734, 0xE734, 0xE734,
  0xE734, 0xE734, 0xE734, 0xE734, 0xE734, 0xE734, 0xE734, 0xE734, 0xE734, 0xE734, 0xE734, 0xE734,
  0xE734, 0xE734, 0xE734, 0xE734, 0xEE33, 0xE734, 0xEE33, 0xEE33, 0xEE33, 0xEE33, 0xEE33, 0xEE33,
  0xEE33, 0xE734, 0xE734, 0xE734, 0xE734, 0xE734, 0xEE33, 0xE734, 0xEE33, 0xE734, 0xE734, 0xE734,
  0xE734, 0xE734, 0xEE33, 0xE734, 0xE734, 0xE734, 0xE734, 0xE734, 0xE734, 0xE734, 0xE734, 0xE734,
  0xE734, 0xE734, 0xE734, 0xE734, 0xE734, 0xE734, 0xE734, 0xE734, 0xEE33, 0xE734, 0xEE33, 0xEE33,
  0xEE33, 0xEE33, 0xEE33, 0xEE33, 0xEE33, 0xE734, 0xEE33, 0xE734, 0xEE33, 0xE734, 0xE734, 0xE734,
  0xE734, 0xE734, 0xE734, 0xE734, 0xE734, 0xE734, 0xE734, 0xE734, 0xE734, 0xE734, 0xE734, 0xE734,
  0xE734, 0xE734, 0xE734, 0xEE33, 0xE734, 0xEE33, 0xEE33, 0xEE33, 0xE734, 0xE734, 0xE734, 0xE734,
  0xE734, 0xE734, 0xE734, 0xEE33, 0xE734, 0xE734, 0xE734, 0xEE33, 0xE734, 0xEE33, 0xEE33, 0xEE33,
  0xE734, 0xEE33, 0xE734, 0xEE33, 0xE734, 0xE734, 0xE734, 0xE734, 0xE734, 0xEE33, 0xE734, 0xEE33,
  0xE734, 0xE734, 0xE734, 0xE734, 0xE734, 0xE734, 0xE734, 0xE734, 0xE734, 0xE734, 0xE734, 0xE734,
  0xE734, 0xEE33, 0xE734, 0xEE33, 0xEE33, 0xEE33, 0xE734, 0xEE33, 0xE734, 0xEE33, 0xE734, 0xEE33,
  0xE734, 0xEE33, 0xE734, 0xE734, 0xE734, 0xE734, 0xE734, 0xE734, 0xE734, 0xE734, 0xE734, 0xE734,
  0xE734, 0xE734, 0xE734, 0xE734, 0xE734, 0xE734, 0xE734, 0xE734, 0xE734, 0xE734, 0xE734, 0xE734,
  0xE734, 0xE734, 0xE734, 0xE734, 0xE734, 0xE734, 0xE734, 0xEE33, 0xE734, 0xEE33, 0xE734, 0xEE33,
  0xE734, 0xEE33, 0xEE33, 0xEE33, 0xE734, 0xE734, 0xE734, 0xE734, 0xE734, 0xEE33, 0xE734, 0xEE33,
  0xEE33, 0xEE33, 0xE734, 0xE734, 0xE734, 0xEE33, 0xE734, 0xEE33, 0xE734, 0xE734, 0xE734, 0xE734,
  0xE734, 0xE734, 0xE734, 0xE734, 0xE734, 0xE734, 0xE734, 0xE734, 0xE734, 0xE734, 0xE734, 0xE734,
  0xE734, 0xEE33, 0xE734, 0xEE33, 0xEE33, 0xEE33, 0xEE33, 0xEE33, 0xEE33, 0xEE33, 0xE734, 0xEE33,
  0xE734, 0xE734, 0xE734, 0xE734, 0xE734, 0xE734, 0xE734, 0xE734, 0xE734, 0xE734, 0xE734, 0xE734,
  0xE734, 0xE734, 0xE734, 0xE734, 0xE734, 0xE734, 0xE734, 0xE734, 0xEE33, 0xE734, 0xEE33, 0xE734,
  0xE734, 0xE734, 0xE734, 0xE734, 0xE734, 0xE734, 0xE734, 0xE734, 0xE734, 0xE734, 0xE734, 0xE734,
  0xEE33, 0xE734, 0xEE33, 0xE734, 0xEE33, 0xE734, 0xEE33, 0xE734, 0xEE33, 0xE734, 0xEE33, 0xE734,
  0xEE33, 0xEE33, 0xEE33, 0xE734, 0xE734, 0xE734, 0xE734, 0xE734, 0xE734, 0xE734, 0xE734, 0xE734,
  0xE734, 0xE734, 0xE734, 0xE734, 0xEE33, 0xE734, 0xE734, 0xE734, 0xEE33, 0xE734, 0xEE33, 0xE734,
  0xEE33, 0xE734, 0xEE33, 0xE734, 0xEE33, 0xE734, 0xEE33, 0xE734, 0xE734, 0xE734, 0xE734, 0xE734,
  0xE734, 0xE734, 0xE734, 0xE734, 0xE734, 0xE734, 0xE734, 0xE734, 0xE734, 0xE734, 0xE734, 0xE734,
  0xE734, 0xE734, 0xE734, 0xE734, 0xE734, 0xE734, 0xE734, 0xE734, 0xE734, 0xE734, 0xE734, 0xE734,
  0xEE33, 0xE734, 0xE734, 0xE734, 0xEE33, 0xEE33, 0xEE33, 0xEE33, 0xEE33, 0xE734, 0xEE33, 0xE734,
  0xEE33, 0xEE33, 0xEE33, 0xEE33, 0xEE33, 0xE734, 0xE734, 0xE734, 0xEE33, 0xE734, 0xEE33, 0xE734,
  0xE734, 0xE734, 0xE734, 0xE734, 0xE734, 0xE734, 0xEE33, 0xE734, 0xE734, 0xE734, 0xE734, 0xE734,
  0xE734, 0xE734, 0xE734, 0xE734, 0xE734, 0xE734, 0xEE33, 0xE734, 0xEE33, 0xE734, 0xEE33, 0xE734,
  0xEE33, 0xEE33, 0xEE33, 0xE734, 0xE734, 0xE734, 0xE734, 0xE734, 0xE734, 0xE734, 0xE734, 0xE734,
  0xE734, 0xE734, 0xE734, 0xE734, 0xE734, 0xE734, 0xE734, 0xE734, 0xE734, 0xE734, 0xE734, 0xEE33,
  0xE734, 0xEE33, 0xE734, 0xEE33, 0xE734, 0xE734, 0xE734, 0xE734, 0xE734, 0xE734, 0xE734, 0xEE33,
  0xE734, 0xE734, 0xE734, 0xEE33, 0xE734, 0xEE33, 0xEE33, 0xEE33, 0xE734, 0xEE33, 0xE734, 0xEE33,
  0xE734, 0xEE33, 0xE734, 0xEE33, 0xEE33, 0xEE33, 0xE734, 0xE734, 0xE734, 0xE734, 0xE734, 0xE734,
  0xE734, 0xE734, 0xE734, 0xE734, 0xE734, 0xE734, 0xE734, 0xE734, 0xE734, 0xE734, 0xE734, 0xEE33,
  0xE734, 0xEE33, 0xE734, 0xEE33, 0xE734, 0xEE33, 0xE734, 0xEE33, 0xE734, 0xEE33, 0xE734, 0xE734,
  0xE734, 0xE734, 0xE734, 0xE734, 0xE734, 0xE734, 0xE734, 0xE734, 0xE734, 0xE734, 0xE734, 0xE734,
  0xE734, 0xE734, 0xE734, 0xE734, 0xE734, 0xE734, 0xE734, 0xE734, 0xE734, 0xE734, 0xE734, 0xE734,
  0xE734, 0xE734, 0xE734, 0xEE33, 0xE734, 0xE734, 0xE734, 0xEE33, 0xE734, 0xEE33, 0xE734, 0xEE33,
  0xE734, 0xEE33, 0xE734, 0xEE33, 0xEE33, 0xEE33, 0xEE33, 0xEE33, 0xE734, 0xE734, 0xE734, 0xEE33,
  0xE734, 0xEE33, 0xE734, 0xE734, 0xE734, 0xE734, 0xE734, 0xE734, 0xE734, 0xEE33, 0xE734, 0xE734,
  0xE734, 0xE734, 0xE734, 0xE734, 0xE734, 0xE734, 0xE734, 0xE734, 0xE734, 0xEE33, 0xE734, 0xEE33,
  0xE734, 0xEE33, 0xE734, 0xEE33, 0xEE33, 0xEE33, 0xE734, 0xEE33, 0xE734, 0xE734, 0xE734, 0xE734,
  0xE734, 0xE734, 0xE734, 0xE734, 0xE734, 0xE734, 0xE734, 0xE734, 0xE734, 0xE734, 0xE734, 0xE734,
  0xE734, 0xE734, 0xEE33, 0xE734, 0xE734, 0xE734, 0xEE33, 0xE734, 0xE734, 0xE734, 0xE734, 0xE734,
  0xE734, 0xE734, 0xEE33, 0xE734, 0xEE33, 0xE734, 0xEE33, 0xE734, 0xEE33, 0xEE33, 0xEE33, 0xE734,
  0xEE33, 0xE734, 0xE734, 0xE734, 0xEE33, 0xE734, 0xEE33, 0xEE33, 0xEE33, 0xE734, 0xEE33, 0xE734,
  0xE734, 0xE734, 0xE734, 0xE734, 0xE734, 0xE734, 0xE734, 0xE734, 0xE734, 0xE734, 0xE734, 0xE734,
  0xE734, 0xE734, 0xEE33, 0xE734, 0xEE33, 0xE734, 0xEE33, 0xE734, 0xEE33, 0xE734, 0xEE33, 0xE734,
  0xEE33, 0xE734, 0xEE33, 0xE734, 0xEE33, 0xE734, 0xE734, 0xE734, 0xE734, 0xE734, 0xE734, 0xE734,
  0xE734, 0xE734, 0xE734, 0xE734, 0xE734, 0xE734, 0xE734, 0xE734, 0xE734, 0xE734, 0xE734, 0xE734,
  0xE734, 0xE734, 0xE734, 0xE734, 0xE734, 0xE734, 0xEE33, 0xE734, 0xE734, 0xE734, 0xE734, 0xE734,
  0xE734, 0xE734, 0xEE33, 0xE734, 0xE734, 0xE734, 0xEE33, 0xEE33, 0xEE33, 0xE734, 0xEE33, 0xE734,
  0xE734, 0xE734, 0xEE33, 0xE734, 0xEE33, 0xE734, 0xEE33, 0xE734, 0xEE33, 0xE734, 0xE734, 0xE734,
  0xEE33, 0xE734, 0xE734, 0xE734, 0xE734, 0xE734, 0xE734, 0xE734, 0xE734, 0xE734, 0xE734, 0xE734,
  0xEE33, 0xE734, 0xE734, 0xE734, 0xE734, 0xE734, 0xE734, 0xE734, 0xEE33, 0xEE33, 0xEE33, 0xE734,
  0xEE33, 0xE734, 0xE734, 0xE734, 0xE734, 0xE734, 0xE734, 0xE734, 0xE734, 0xE734, 0xE734, 0xE734,
  0xE734, 0xE734, 0xE734, 0xE734, 0xE734, 0xEE33, 0xE734, 0xE734, 0xE734, 0xEE33, 0xE734, 0xE734,
  0xE734, 0xE734, 0xE734, 0xE734, 0xE734, 0xE734, 0xE734, 0xEE33, 0xE734, 0xE734, 0xE734, 0xEE33,
  0xEE33, 0xEE33, 0xE734, 0xE734, 0xE734, 0xE734, 0xE734, 0xEE33, 0xEE33, 0xEE33, 0xEE33, 0xEE33,
  0xE734, 0xEE33, 0xE734, 0xEE33, 0xE734, 0xE734, 0xE734, 0xE734, 0xE734, 0xE734, 0xE734, 0xE734,
  0xE734, 0xE734, 0xE734, 0xE734, 0xE734, 0xEE33, 0xE734, 0xE734, 0xE734, 0xEE33, 0xEE33, 0xEE33,
  0xE734, 0xEE33, 0xE734, 0xE734, 0xE734, 0xEE33, 0xE734, 0xEE33, 0xE734, 0xE734, 0xE734, 0xE734,
  0xE734, 0xE734, 0xE734, 0xE734, 0xE734, 0xE734, 0xE734, 0xE734, 0xE734, 0xE734, 0xE734, 0xE734,
  0xE734, 0xE734, 0xE734, 0xE734, 0xE734, 0xE734, 0xE734, 0xE734, 0xE734, 0xE734, 0xE734, 0xE734,
  0xE734, 0xE734, 0xE734, 0xE734, 0xE734, 0xEE33, 0xE734, 0xE734, 0xE734, 0xEE33, 0xEE33, 0xEE33,
  0xE734, 0xEE33, 0xE734, 0xE734, 0xE734, 0xEE33, 0xE734, 0xEE33, 0xE734, 0xEE33, 0xE734, 0xEE33,
  0xE734, 0xE734, 0xE734, 0xEE33, 0xE734, 0xE734, 0xE734, 0xE734, 0xE734, 0xE734, 0xE734, 0xE734,
  0xE734, 0xE734, 0xE734, 0xE734, 0xE734, 0xE734, 0xE734, 0xE734, 0xE734, 0xE734, 0xE734, 0xEE33,
  0xE734, 0xEE33, 0xEE33, 0xEE33, 0xE734, 0xEE33, 0xE734, 0xEE33, 0xE734, 0xE734, 0xE734, 0xEE33,
  0xE734, 0xE734, 0xE734, 0xE734, 0xE734, 0xE734, 0xE734, 0xE734, 0xE734, 0xE734, 0xE734, 0xE734,
  0xEE33, 0xE734, 0xE734, 0xE734, 0xE734, 0xE734, 0xE734, 0xE734, 0xE734, 0xE734, 0xEE33, 0xE734,
  0xEE33, 0xE734, 0xEE33, 0xEE33, 0xEE33, 0xE734, 0xE734, 0xE734, 0xE734, 0xE734, 0xEE33, 0xE734,
  0xEE33, 0xE734, 0xEE33, 0xE734, 0xEE33, 0xE734, 0xEE33, 0xE734, 0xEE33, 0xE734, 0xE734, 0xE734,
  0xE734, 0xE734, 0xE734, 0xE734, 0xE734, 0xE734, 0xE734, 0xE734, 0xE734, 0xE734, 0xE734, 0xE734,
  0xEE33, 0xEE33, 0xEE33, 0xE734, 0xEE33, 0xE734, 0xE734, 0xE734, 0xEE33, 0xE734, 0xEE33, 0xE734,
  0xEE33, 0xE734, 0xE734, 0xE734, 0xE734, 0xE734, 0xE734, 0xE734, 0xE734, 0xE734, 0xE734, 0xE734,
  0xE734, 0xE734, 0xE734, 0xE734, 0xE734, 0xE734, 0xE734, 0xE734, 0xE734, 0xE734, 0xE734, 0xE734,
  0xE734, 0xE734, 0xE734, 0xE734, 0xE734, 0xE734, 0xE734, 0xE734, 0xEE33, 0xE734, 0xE734, 0xE734,
  0xEE33, 0xE734, 0xEE33, 0xE734, 0xEE33, 0xE734, 0xE734, 0xE734, 0xEE33, 0xE734, 0xEE33, 0xE734,
  0xEE33, 0xE734, 0xEE33, 0xE734, 0xEE33, 0xE734, 0xEE33, 0xEE33, 0xEE33, 0xE734, 0xE734, 0xE734,
  0xE734, 0xE734, 0xE734, 0xE734, 0xE734, 0xE734, 0xE734, 0xE734, 0xE734, 0xE734, 0xE734, 0xE734,
  0xE734, 0xE734, 0xE734, 0xE734, 0xE734, 0xE734, 0xE734, 0xEE33, 0xEE33, 0xE734, 0xEE33, 0xE734,
  0xE734, 0xE734, 0xEE33, 0xE734, 0xE734, 0xE734, 0xE734, 0xE734, 0xE734, 0xE734, 0xE734, 0xE734,
  0xE734, 0xE734, 0xE734, 0xEE33, 0xE734, 0xE734, 0xE734, 0xE734, 0xE734, 0xE734, 0xE734, 0xEE33,
  0xE734, 0xE734, 0xE734, 0xEE33, 0xEE33, 0xEE33, 0xEE33, 0xEE33, 0xE734, 0xEE33, 0xE734, 0xE734,
  0xE734, 0xEE33, 0xE734, 0xEE33, 0xE734, 0xEE33, 0xE734, 0xEE33, 0xEE33, 0xEE33, 0xE734, 0xE734,
  0xE734, 0xE734, 0xE734, 0xEE33, 0xE734, 0xE734, 0xE734, 0xE734, 0xE734, 0xE734, 0xE734, 0xE734,
  0xE734, 0xE734, 0xE734, 0xEE33, 0xEE33, 0xEE33, 0xE734, 0xEE33, 0xE734, 0xE734, 0xE734, 0xEE33,
  0xE734, 0xEE33, 0xEE33, 0xEE33, 0xE734, 0xE734, 0xE734, 0xE734, 0xE734, 0xE734, 0xE734, 0xE734,
  0xE734, 0xE734, 0xE734, 0xE734, 0xE734, 0xE734, 0xE734, 0xE734, 0xE734, 0xE734, 0xE734, 0xE734,
  0xE734, 0xE734, 0xE734, 0xE734, 0xE734, 0xE734, 0xE734, 0xE734, 0xE734, 0xE734, 0xE734, 0xEE33,
  0xE734, 0xE734, 0xE734, 0xEE33, 0xE734, 0xEE33, 0xEE33, 0xEE33, 0xE734, 0xE734, 0xE734, 0xE734,
  0xE734, 0xEE33, 0xEE33, 0xEE33, 0xEE33, 0xEE33, 0xE734, 0xEE33, 0xE734, 0xE734, 0xE734, 0xEE33,
  0xE734, 0xE734, 0xE734, 0xE734, 0xE734, 0xE734, 0xE734, 0xE734, 0xE734, 0xE734, 0xE734, 0xE734,
  0xE734, 0xE734, 0xE734, 0xE734, 0xE734, 0xE734, 0xE734, 0xE734, 0xE734, 0xE734, 0xE734, 0xEE33,
  0xE734, 0xE734, 0xE734, 0xEE33, 0xE734, 0xEE33, 0xE734, 0xEE33, 0xE734, 0xE734, 0xE734, 0xE734,
  0xE734, 0xE734, 0xE734, 0xE734, 0xE734, 0xE734, 0xE734, 0xE734, 0xE734, 0xE734, 0xE734, 0xE734,
  0xE734, 0xE734, 0xEE33, 0xE734, 0xEE33, 0xE734, 0xEE33, 0xEE33, 0xEE33, 0xE734, 0xEE33, 0xE734,
  0xEE33, 0xE734, 0xE734, 0xE734, 0xEE33, 0xE734, 0xEE33, 0xEE33, 0xEE33, 0xE734, 0xEE33, 0xEE33,
  0xEE33, 0xEE33, 0xEE33, 0xE734, 0xEE33, 0xE734, 0xEE33, 0xE734, 0xE734, 0xE734, 0xE734, 0xE734,
  0xE734, 0xE734, 0xE734, 0xE734, 0xE734, 0xE734, 0xEE33, 0xE734, 0xEE33, 0xE734, 0xEE33, 0xE734,
  0xE734, 0xE734, 0xE734, 0xE734, 0xEE33, 0xEE33, 0xEE33, 0xE734, 0xEE33, 0xE734, 0xEE33, 0xE734,
  0xE734, 0xE734, 0xE734, 0xE734, 0xE734, 0xE734, 0xE734, 0xE734, 0xE734, 0xE734, 0xE734, 0xE734,
  0xE734, 0xE734, 0xE734, 0xE734, 0xE734, 0xE734, 0xE734, 0xE734, 0xE734, 0xE734, 0xE734, 0xE734,
  0xE734, 0xE734, 0xEE33, 0xE734, 0xE734, 0xE734, 0xEE33, 0xEE33, 0xEE33, 0xEE33, 0xEE33, 0xE734,
  0xE734, 0xE734, 0xEE33, 0xE734, 0xEE33, 0xEE33, 0xEE33, 0xE734, 0xEE33, 0xE734, 0xEE33, 0xE734,
  0xE734, 0xE734, 0xE734, 0xE734, 0xE734, 0xE734, 0xE734, 0xE734, 0xE734, 0xE734, 0xE734, 0xE734,
  0xE734, 0xE734, 0xE734, 0xE734, 0xE734, 0xE734, 0xE734, 0xE734, 0xE734, 0xE734, 0xE734, 0xE734,
  0xE734, 0xE734, 0xEE33, 0xE734, 0xE734, 0xE734, 0xEE33, 0xE734, 0xEE33, 0xEE33, 0xEE33, 0xE734,
  0xEE33, 0xE734, 0xE734, 0xE734, 0xE734, 0xE734, 0xE734, 0xE734, 0xE734, 0xE734, 0xE734, 0xE734,
  0xE734, 0xE734, 0xE734, 0xE734, 0xE734, 0xEE33, 0xE734, 0xEE33, 0xE734, 0xEE33, 0xE734, 0xEE33,
  0xEE33, 0xEE33, 0xE734, 0xEE33, 0xE734, 0xE734, 0xE734, 0xEE33, 0xE734, 0xEE33, 0xEE33, 0xEE33,
  0xEE33, 0xEE33, 0xEE33, 0xEE33, 0xEE33, 0xEE33, 0xE734, 0xEE33, 0xE734, 0xE734, 0xEE33, 0xEE33,
  0xE734, 0xE734, 0xE734, 0xE734, 0xE734, 0xE734, 0xE734, 0xEE33, 0xE734, 0xEE33, 0xE734, 0xEE33,
  0xEE33, 0xEE33, 0xE734, 0xE734, 0xE734, 0xE734, 0xE734, 0xEE33, 0xEE33, 0xEE33, 0xEE33, 0xEE33,
  0xE734, 0xEE33, 0xE734, 0xE734, 0xE734, 0xE734, 0xE734, 0xE734, 0xE734, 0xE734, 0xE734, 0xE734,
  0xE734, 0xE734, 0xE734, 0xE734, 0xE734, 0xE734, 0xE734, 0xE734, 0xE734, 0xE734, 0xE734, 0xE734,
  0xE734, 0xE734, 0xE734, 0xE734, 0xE734, 0xE734, 0xE734, 0xE734, 0xE734, 0xEE33, 0xE734, 0xEE33,
  0xEE33, 0xEE33, 0xE734, 0xE734, 0xE734, 0xEE33, 0xE734, 0xEE33, 0xEE33, 0xEE33, 0xEE33, 0xEE33,
  0xE734, 0xEE33, 0xE734, 0xEE33, 0xE734, 0xE734, 0xE734, 0xE734, 0xE734, 0xE734, 0xE734, 0xE734,
  0xE734, 0xE734, 0xE734, 0xE734, 0xE734, 0xE734, 0xE734, 0xE734, 0xE734, 0xE734, 0xE734, 0xE734,
  0xE734, 0xE734, 0xE734, 0xE734, 0xE734, 0xE734, 0xE734, 0xE734, 0xE734, 0xEE33, 0xE734, 0xEE33,
  0xE734, 0xEE33, 0xEE33, 0xEE33, 0xE734, 0xE734, 0xE734, 0xE734, 0xE734, 0xE734, 0xE734, 0xEE33,
  0xE734, 0xE734, 0xE734, 0xE734, 0xE734, 0xE734, 0xE734, 0xE734, 0xE734, 0xE734, 0xEE33, 0xE734,
  0xEE33, 0xE734, 0xEE33, 0xEE33, 0xEE33, 0xE734, 0xEE33, 0xE734, 0xE734, 0xE734, 0xEE33, 0xE734,
  0xEE33, 0xEE33, 0xEE33, 0xE734, 0xEE33, 0xEE33, 0xEE33, 0xEE33, 0xEE33, 0xE734, 0xEE33, 0xE734,
  0xEE33, 0xEE33, 0xEE33, 0xE734, 0xE734, 0xE734, 0xE734, 0xE734, 0xE734, 0xE734, 0xEE33, 0xE734,
  0xE734, 0xE734, 0xEE33, 0xEE33, 0xEE33, 0xE734, 0xE734, 0xE734, 0xE734, 0xE734, 0xEE33, 0xEE33,
  0xEE33, 0xEE33, 0xEE33, 0xEE33, 0xEE33, 0xE734, 0xE734, 0xE734, 0xE734, 0xE734, 0xE734, 0xE734,
  0xE734, 0xE734, 0xE734, 0xE734, 0xE734, 0xE734, 0xE734, 0xE734, 0xE734, 0xE734, 0xE734, 0xE734,
  0xE734, 0xE734, 0xE734, 0xE734, 0xE734, 0xE734, 0xE734, 0xE734, 0xEE33, 0xE734, 0xEE33, 0xE734,
  0xEE33, 0xE734, 0xEE33, 0xEE33, 0xEE33, 0xE734, 0xEE33, 0xE734, 0xEE33, 0xE734, 0xEE33, 0xE734,
  0xEE33, 0xEE33, 0xEE33, 0xEE33, 0xEE33, 0xEE33, 0xEE33, 0xE734, 0xE734, 0xE734, 0xE734, 0xE734,
  0xEE33, 0xE734, 0xE734, 0xE734, 0xE734, 0xE734, 0xE734, 0xE734, 0xE734, 0xE734, 0xE734, 0xE734,
  0xE734, 0xE734, 0xE734, 0xE734, 0xE734, 0xE734, 0xE734, 0xE734, 0xE734, 0xE734, 0xE734, 0xE734,
  0xE734, 0xE734, 0xEE33, 0xE734, 0xEE33, 0xE734, 0xEE33, 0xE734, 0xEE33, 0xE734, 0xEE33, 0xE734,
  0xE734, 0xE734, 0xEE33, 0xE734, 0xE734, 0xE734, 0xE734, 0xE734, 0xE734, 0xE734, 0xE734, 0xE734,
  0xE734, 0xE734, 0xE734, 0xEE33, 0xE734, 0xEE33, 0xEE33, 0xEE33, 0xE734, 0xEE33, 0xE734, 0xE734,
  0xE734, 0xEE33, 0xE734, 0xEE33, 0xEE33, 0xEE33, 0xE734, 0xEE33, 0xEE33, 0xEE33, 0xEE33, 0xEE33,
  0xEE33, 0xEE33, 0xE734, 0xEE33, 0xEE33, 0xEE33, 0xE734, 0xEE33, 0xE734, 0xE734, 0xE734, 0xE734,
  0xE734, 0xEE33, 0xE734, 0xE734, 0xE734, 0xE734, 0xE734, 0xEE33, 0xE734, 0xEE33, 0xE734, 0xEE33,
  0xE734, 0xEE33, 0xE734, 0xEE33, 0xEE33, 0xEE33, 0xEE33, 0xEE33, 0xE734, 0xEE33, 0xE734, 0xE734,
  0xE734, 0xE734, 0xE734, 0xE734, 0xE734, 0xE734, 0xE734, 0xE734, 0xE734, 0xE734, 0xE734, 0xE734,
  0xE734, 0xE734, 0xE734, 0xE734, 0xE734, 0xE734, 0xE734, 0xE734, 0xE734, 0xE734, 0xE734, 0xE734,
  0xE734, 0xEE33, 0xEE33, 0xEE33, 0xE734, 0xEE33, 0xEE33, 0xEE33, 0xEE33, 0xEE33, 0xE734, 0xEE33,
  0xE734, 0xEE33, 0xEE33, 0xEE33, 0xEE33, 0xEE33, 0xEE33, 0xEE33, 0xEE33, 0xEE33, 0xE734, 0xE734,
  0xE734, 0xE734, 0xE734, 0xEE33, 0xE734, 0xE734, 0xE734, 0xE734, 0xE734, 0xE734, 0xE734, 0xE734,
  0xE734, 0xE734, 0xE734, 0xE734, 0xE734, 0xE734, 0xE734, 0xE734, 0xE734, 0xE734, 0xE734, 0xE734,
  0xE734, 0xE734, 0xE734, 0xE734, 0xE734, 0xEE33, 0xE734, 0xE734, 0xE734, 0xEE33, 0xE734, 0xEE33,
  0xE734, 0xEE33, 0xE734, 0xE734, 0xE734, 0xEE33, 0xE734, 0xE734, 0xE734, 0xE734, 0xE734, 0xE734,
  0xE734, 0xE734, 0xE734, 0xE734, 0xE734, 0xE734, 0xE734, 0xE734, 0xEE33, 0xEE33, 0xEE33, 0xEE33,
  0xEE33, 0xE734, 0xEE33, 0xE734, 0xEE33, 0xE734, 0xEE33, 0xEE33, 0xEE33, 0xE734, 0xEE33, 0xEE33,
  0xEE33, 0xEE33, 0xEE33, 0xEE33, 0xEE33, 0xE734, 0xEE33, 0xEE33, 0xEE33, 0xEE33, 0xEE33, 0xE734,
  0xE734, 0xE734, 0xE734, 0xE734, 0xEE33, 0xE734, 0xE734, 0xE734, 0xE734, 0xE734, 0xE734, 0xE734,
  0xEE33, 0xE734, 0xEE33, 0xE734, 0xEE33, 0xE734, 0xEE33, 0xEE33, 0xEE33, 0xEE33, 0xEE33, 0xE734,
  0xEE33, 0xE734, 0xE734, 0xE734, 0xE734, 0xE734, 0xE734, 0xE734, 0xE734, 0xE734, 0xE734, 0xE734,
  0xE734, 0xE734, 0xE734, 0xE734, 0xE734, 0xE734, 0xE734, 0xE734, 0xE734, 0xE734, 0xE734, 0xE734,
  0xEE33, 0xE734, 0xE734, 0xE734, 0xE734, 0xE734, 0xEE33, 0xE734, 0xEE33, 0xEE33, 0xEE33, 0xEE33,
  0xEE33, 0xEE33, 0xEE33, 0xEE33, 0xEE33, 0xEE33, 0xEE33, 0xEE33, 0xEE33, 0xEE33, 0xEE33, 0xEE33,
  0xEE33, 0xE734, 0xEE33, 0xE734, 0xE734, 0xE734, 0xEE33, 0xE734, 0xE734, 0xE734, 0xE734, 0xE734,
  0xE734, 0xE734, 0xE734, 0xE734, 0xE734, 0xE734, 0xE734, 0xE734, 0xE734, 0xE734, 0xE734, 0xE734,
  0xE734, 0xE734, 0xE734, 0xE734, 0xE734, 0xE734, 0xE734, 0xE734, 0xE734, 0xE734, 0xE734, 0xE734,
  0xEE33, 0xE734, 0xEE33, 0xEE33, 0xEE33, 0xE734, 0xEE33, 0xE734, 0xEE33, 0xE734, 0xEE33, 0xE734,
  0xE734, 0xE734, 0xE734, 0xE734, 0xE734, 0xE734, 0xE734, 0xE734, 0xE734, 0xEE33, 0xE734, 0xEE33,
  0xEE33, 0xEE33, 0xEE33, 0xEE33, 0xE734, 0xEE33, 0xE734, 0xEE33, 0xE734, 0xEE33, 0xEE33, 0xEE33,
  0xEE33, 0xEE33, 0xE734, 0xEE33, 0xEE33, 0xEE33, 0xEE33, 0xEE33, 0xE734, 0xE734, 0xE734, 0xEE33,
  0xEE33, 0xEE33, 0xE734, 0xE734, 0xE734, 0xE734, 0xE734, 0xE734, 0xE734, 0xE734, 0xE734, 0xEE33,
  0xE734, 0xEE33, 0xE734, 0xEE33, 0xE734, 0xEE33, 0xE734, 0xEE33, 0xE734, 0xEE33, 0xEE33, 0xEE33,
  0xEE33, 0xEE33, 0xEE33, 0xEE33, 0xE734, 0xE734, 0xE734, 0xEE33, 0xE734, 0xE734, 0xE734, 0xE734,
  0xE734, 0xE734, 0xE734, 0xE734, 0xE734, 0xE734, 0xE734, 0xE734, 0xE734, 0xE734, 0xE734, 0xE734,
  0xE734, 0xE734, 0xE734, 0xEE33, 0xE734, 0xE734, 0xE734, 0xE734, 0xE734, 0xEE33, 0xE734, 0xEE33,
  0xEE33, 0xEE33, 0xEE33, 0xEE33, 0xEE33, 0xEE33, 0xEE33, 0xEE33, 0xEE33, 0xEE33, 0xEE33, 0xEE33,
  0xE734, 0xEE33, 0xEE33, 0xEE33, 0xEE33, 0xEE33, 0xE734, 0xE734, 0xE734, 0xEE33, 0xE734, 0xE734,
  0xE734, 0xE734, 0xE734, 0xE734, 0xE734, 0xE734, 0xE734, 0xE734, 0xE734, 0xE734, 0xE734, 0xE734,
  0xE734, 0xE734, 0xE734, 0xE734, 0xE734, 0xE734, 0xE734, 0xE734, 0xE734, 0xE734, 0xE734, 0xE734,
  0xE734, 0xE734, 0xE734, 0xEE33, 0xE734, 0xEE33, 0xEE33, 0xEE33, 0xEE33, 0xEE33, 0xE734, 0xEE33,
  0xE734, 0xEE33, 0xE734, 0xE734, 0xE734, 0xE734, 0xE734, 0xE734, 0xE734, 0xE734, 0xE734, 0xE734,
  0xEE33, 0xE734, 0xEE33, 0xEE33, 0xEE33, 0xEE33, 0xEE33, 0xE734, 0xEE33, 0xE734, 0xE734, 0xE734,
  0xEE33, 0xEE33, 0xEE33, 0xEE33, 0xEE33, 0xE734, 0xEE33, 0xE734, 0xEE33, 0xE734, 0xEE33, 0xE734,
  0xEE33, 0xE734, 0xEE33, 0xE734, 0xEE33, 0xE734, 0xE734, 0xE734, 0xE734, 0xE734, 0xE734, 0xE734,
  0xE734, 0xE734, 0xEE33, 0xE734, 0xEE33, 0xEE33, 0xEE33, 0xE734, 0xEE33, 0xE734, 0xEE33, 0xE734,
  0xEE33, 0xE734, 0xEE33, 0xE734, 0xEE33, 0xEE33, 0xEE33, 0xEE33, 0xEE33, 0xE734, 0xEE33, 0xE734,
  0xE734, 0xE734, 0xE734, 0xE734, 0xE734, 0xE734, 0xE734, 0xE734, 0xE734, 0xE734, 0xE734, 0xE734,
  0xE734, 0xE734, 0xE734, 0xE734, 0xE734, 0xE734, 0xEE33, 0xE734, 0xE734, 0xE734, 0xE734, 0xE734,
  0xEE33, 0xE734, 0xEE33, 0xEE33, 0xEE33, 0xEE33, 0xEE33, 0xEE33, 0xEE33, 0xEE33, 0xEE33, 0xEE33,
  0xEE33, 0xEE33, 0xEE33, 0xE734, 0xEE33, 0xE734, 0xEE33, 0xEE33, 0xEE33, 0xEE33, 0xE734, 0xE734,
  0xEE33, 0xE734, 0xE734, 0xE734, 0xE734, 0xE734, 0xE734, 0xE734, 0xE734, 0xE734, 0xE734, 0xE734,
  0xE734, 0xE734, 0xE734, 0xE734, 0xE734, 0xE734, 0xE734, 0xE734, 0xE734, 0xE734, 0xE734, 0xE734,
  0xE734, 0xE734, 0xE734, 0xE734, 0xE734, 0xE734, 0xEE33, 0xE734, 0xEE33, 0xE734, 0xEE33, 0xEE33,
  0xEE33, 0xEE33, 0xEE33, 0xEE33, 0xEE33, 0xEE33, 0xEE33, 0xE734, 0xE734, 0xE734, 0xE734, 0xE734,
  0xE734, 0xE734, 0xE734, 0xE734, 0xE734, 0xEE33, 0xE734, 0xEE33, 0xEE33, 0xEE33, 0xEE33, 0xEE33,
  0xE734, 0xE734, 0xE734, 0xEE33, 0xEE33, 0xEE33, 0xEE33, 0xEE33, 0xE734, 0xEE33, 0xEE33, 0xEE33,
  0xE734, 0xEE33, 0xE734, 0xEE33, 0xE734, 0xE734, 0xE734, 0xE734, 0xE734, 0xE734, 0xE734, 0xE734,
  0xE734, 0xE734, 0xE734, 0xE734, 0xE734, 0xEE33, 0xE734, 0xEE33, 0xEE33, 0xEE33, 0xE734, 0xEE33,
  0xE734, 0xE734, 0xE734, 0xEE33, 0xE734, 0xE734, 0xE734, 0xE734, 0xE734, 0xEE33, 0xEE33, 0xEE33,
  0xE734, 0xEE33, 0xE734, 0xE734, 0xE734, 0xE734, 0xE734, 0xE734, 0xE734, 0xE734, 0xE734, 0xE734,
  0xE734, 0xE734, 0xE734, 0xE734, 0xE734, 0xE734, 0xE734, 0xE734, 0xE734, 0xEE33, 0xE734, 0xE734,
  0xE734, 0xEE33, 0xE734, 0xEE33, 0xEE33, 0xEE33, 0xE734, 0xEE33, 0xE734, 0xEE33, 0xEE33, 0xEE33,
  0xEE33, 0xEE33, 0xEE33, 0xEE33, 0xEE33, 0xEE33, 0xE734, 0xE734, 0xE734, 0xEE33, 0xE734, 0xEE33,
  0xEE33, 0xEE33, 0xE734, 0xEE33, 0xE734, 0xE734, 0xE734, 0xE734, 0xE734, 0xE734, 0xE734, 0xE734,
  0xE734, 0xE734, 0xE734, 0xE734, 0xE734, 0xE734, 0xE734, 0xE734, 0xE734, 0xE734, 0xE734, 0xE734,
  0xE734, 0xE734, 0xE734, 0xE734, 0xE734, 0xE734, 0xE734, 0xE734, 0xE734, 0xE734, 0xE734, 0xEE33,
  0xE734, 0xEE33, 0xEE33, 0xEE33, 0xEE33, 0xEE33, 0xEE33, 0xEE33, 0xEE33, 0xEE33, 0xE734, 0xE734,
  0xE734, 0xEE33, 0xE734, 0xE734, 0xE734, 0xE734, 0xE734, 0xE734, 0xEE33, 0xE734, 0xEE33, 0xEE33,
  0xEE33, 0xEE33, 0xEE33, 0xE734, 0xE734, 0xE734, 0xEE33, 0xE734, 0xEE33, 0xEE33, 0xEE33, 0xEE33,
  0xEE33, 0xE734, 0xEE33, 0xEE33, 0xEE33, 0xE734, 0xEE33, 0xE734, 0xE734, 0xE734, 0xEE33, 0xE734,
  0xE734, 0xE734, 0xE734, 0xE734, 0xE734, 0xE734, 0xE734, 0xE734, 0xEE33, 0xE734, 0xEE33, 0xE734,
  0xEE33, 0xE734, 0xEE33, 0xE734, 0xE734, 0xE734, 0xEE33, 0xE734, 0xE734, 0xE734, 0xE734, 0xE734,
  0xEE33, 0xE734, 0xEE33, 0xEE33, 0xEE33, 0xE734, 0xE734, 0xE734, 0xE734, 0xE734, 0xE734, 0xE734,
  0xE734, 0xE734, 0xE734, 0xE734, 0xE734, 0xE734, 0xE734, 0xE734, 0xE734, 0xE734, 0xE734, 0xE734,
  0xEE33, 0xE734, 0xEE33, 0xE734, 0xEE33, 0xE734, 0xEE33, 0xE734, 0xEE33, 0xEE33, 0xEE33, 0xE734,
  0xEE33, 0xE734, 0xEE33, 0xEE33, 0xEE33, 0xEE33, 0xEE33, 0xE734, 0xEE33, 0xE734, 0xE734, 0xE734,
  0xEE33, 0xE734, 0xE734, 0xE734, 0xEE33, 0xE734, 0xEE33, 0xE734, 0xE734, 0xE734, 0xE734, 0xE734,
  0xE734, 0xE734, 0xE734, 0xE734, 0xE734, 0xE734, 0xE734, 0xE734, 0xE734, 0xE734, 0xE734, 0xE734,
  0xE734, 0xE734, 0xE734, 0xE734, 0xE734, 0xE734, 0xE734, 0xE734, 0xE734, 0xE734, 0xE734, 0xE734,
  0xE734, 0xE734, 0xEE33, 0xE734, 0xEE33, 0xE734, 0xEE33, 0xEE33, 0xEE33, 0xEE33, 0xEE33, 0xEE33,
  0xEE33, 0xE734, 0xE734, 0xE734, 0xEE33, 0xE734, 0xE734, 0xE734, 0xE734, 0xE734, 0xE734, 0xE734,
  0xE734, 0xEE33, 0xE734, 0xEE33, 0xEE33, 0xEE33, 0xE734, 0xEE33, 0xE734, 0xEE33, 0xEE33, 0xEE33,
  0xE734, 0xEE33, 0xEE33, 0xEE33, 0xE734, 0xEE33, 0xEE33, 0xEE33, 0xE734, 0xE734, 0xE734, 0xEE33,
  0xE734, 0xEE33, 0xE734, 0xE734, 0xE734, 0xE734, 0xE734, 0xE734, 0xE734, 0xE734, 0xE734, 0xEE33,
  0xE734, 0xEE33, 0xEE33, 0xEE33, 0xEE33, 0xEE33, 0xE734, 0xE734, 0xE734, 0xEE33, 0xE734, 0xE734,
  0xE734, 0xE734, 0xE734, 0xEE33, 0xE734, 0xEE33, 0xE734, 0xEE33, 0xE734, 0xE734, 0xE734, 0xE734,
  0xE734, 0xE734, 0xE734, 0xE734, 0xE734, 0xE734, 0xE734, 0xE734, 0xE734, 0xE734, 0xE734, 0xE734,
  0xE734, 0xE734, 0xE734, 0xEE33, 0xE734, 0xEE33, 0xE734, 0xEE33, 0xE734, 0xEE33, 0xEE33, 0xEE33,
  0xE734, 0xEE33, 0xE734, 0xEE33, 0xE734, 0xEE33, 0xE734, 0xEE33, 0xEE33, 0xEE33, 0xE734, 0xEE33,
  0xE734, 0xE734, 0xE734, 0xEE33, 0xE734, 0xE734, 0xE734, 0xE734, 0xE734, 0xEE33, 0xE734, 0xE734,
  0xE734, 0xE734, 0xE734, 0xE734, 0xE734, 0xE734, 0xE734, 0xE734, 0xE734, 0xE734, 0xE734, 0xE734,
  0xE734, 0xE734, 0xE734, 0xE734, 0xE734, 0xE734, 0xE734, 0xE734, 0xE734, 0xE734, 0xE734, 0xE734,
  0xE734, 0xE734, 0xE734, 0xEE33, 0xE734, 0xEE33, 0xE734, 0xE734, 0xE734, 0xEE33, 0xEE33, 0xEE33,
  0xEE33, 0xEE33, 0xEE33, 0xEE33, 0xE734, 0xE734, 0xE734, 0xEE33, 0xE734, 0xE734, 0xE734, 0xE734,
  0xE734, 0xE734, 0xE734, 0xE734, 0xEE33, 0xE734, 0xEE33, 0xE734, 0xEE33, 0xEE33, 0xEE33, 0xE734,
  0xEE33, 0xEE33, 0xEE33, 0xE734, 0xEE33, 0xEE33, 0xEE33, 0xE734, 0xEE33, 0xEE33, 0xEE33, 0xEE33,
  0xEE33, 0xE734, 0xE734, 0xE734, 0xEE33, 0xE734, 0xE734, 0xE734, 0xE734, 0xE734, 0xE734, 0xE734,
  0xE734, 0xE734, 0xEE33, 0xE734, 0xEE33, 0xEE33, 0xEE33, 0xEE33, 0xEE33, 0xEE33, 0xE734, 0xE734,
  0xEE33, 0xE734, 0xEE33, 0xE734, 0xE734, 0xE734, 0xEE33, 0xE734, 0xEE33, 0xE734, 0xEE33, 0xE734,
  0xEE33, 0xE734, 0xE734, 0xE734, 0xE734, 0xE734, 0xE734, 0xE734, 0xE734, 0xE734, 0xE734, 0xE734,
  0xE734, 0xE734, 0xE734, 0xE734, 0xE734, 0xE734, 0xEE33, 0xE734, 0xEE33, 0xE734, 0xEE33, 0xEE33,
  0xEE33, 0xEE33, 0xEE33, 0xE734, 0xEE33, 0xE734, 0xEE33, 0xE734, 0xE734, 0xE734, 0xEE33, 0xEE33,
  0xEE33, 0xE734, 0xEE33, 0xE734, 0xE734, 0xE734, 0xEE33, 0xE734, 0xE734, 0xE734, 0xE734, 0xE734,
  0xEE33, 0xE734, 0xE734, 0xE734, 0xE734, 0xE734, 0xE734, 0xE734, 0xE734, 0xE734, 0xE734, 0xE734,
  0xE734, 0xE734, 0xE734, 0xE734, 0xE734, 0xE734, 0xE734, 0xE734, 0xE734, 0xE734, 0xE734, 0xE734,
  0xE734, 0xE734, 0xE734, 0xE734, 0xE734, 0xE734, 0xEE33, 0xEE33, 0xEE33, 0xE734, 0xE734, 0xE734,
  0xEE33, 0xE734, 0xEE33, 0xEE33, 0xEE33, 0xEE33, 0xEE33, 0xEE33, 0xEE33, 0xE734, 0xE734, 0xE734,
  0xE734, 0xE734, 0xE734, 0xE734, 0xEE33, 0xE734, 0xE734, 0xE734, 0xE734, 0xEE33, 0xE734, 0xEE33,
  0xE734, 0xEE33, 0xE734, 0xEE33, 0xEE33, 0xEE33, 0xE734, 0xEE33, 0xEE33, 0xEE33, 0xEE33, 0xEE33,
  0xE734, 0xEE33, 0xEE33, 0xEE33, 0xE734, 0xEE33, 0xE734, 0xEE33, 0xE734, 0xE734, 0xE734, 0xE734,
  0xE734, 0xE734, 0xE734, 0xE734, 0xE734, 0xEE33, 0xE734, 0xEE33, 0xE734, 0xEE33, 0xEE33, 0xEE33,
  0xEE33, 0xEE33, 0xE734, 0xEE33, 0xE734, 0xEE33, 0xE734, 0xEE33, 0xE734, 0xEE33, 0xE734, 0xE734,
  0xE734, 0xEE33, 0xE734, 0xEE33, 0xE734, 0xE734, 0xE734, 0xE734, 0xE734, 0xE734, 0xE734, 0xE734,
  0xE734, 0xE734, 0xE734, 0xE734, 0xE734, 0xE734, 0xE734, 0xE734, 0xE734, 0xE734, 0xE734, 0xEE33,
  0xE734, 0xEE33, 0xEE33, 0xEE33, 0xEE33, 0xEE33, 0xE734, 0xEE33, 0xE734, 0xE734, 0xE734, 0xE734,
  0xE734, 0xEE33, 0xEE33, 0xEE33, 0xE734, 0xEE33, 0xE734, 0xE734, 0xE734, 0xEE33, 0xE734, 0xEE33,
  0xE734, 0xE734, 0xE734, 0xE734, 0xE734, 0xE734, 0xE734, 0xE734, 0xE734, 0xE734, 0xE734, 0xE734,
  0xE734, 0xE734, 0xE734, 0xE734, 0xE734, 0xE734, 0xE734, 0xE734, 0xE734, 0xE734, 0xE734, 0xE734,
  0xE734, 0xE734, 0xE734, 0xE734, 0xE734, 0xE734, 0xE734, 0xE734, 0xE734, 0xE734, 0xE734, 0xEE33,
  0xE734, 0xE734, 0xE734, 0xE734, 0xE734, 0xEE33, 0xE734, 0xEE33, 0xEE33, 0xEE33, 0xE734, 0xEE33,
  0xEE33, 0xEE33, 0xE734, 0xEE33, 0xE734, 0xE734, 0xE734, 0xEE33, 0xE734, 0xE734, 0xE734, 0xE734,
  0xEE33, 0xE734, 0xEE33, 0xE734, 0xE734, 0xE734, 0xEE33, 0xE734, 0xEE33, 0xE734, 0xEE33, 0xEE33,
  0xEE33, 0xEE33, 0xEE33, 0xE734, 0xEE33, 0xE734, 0xEE33, 0xE734, 0xEE33, 0xE734, 0xE734, 0xE734,
  0xE734, 0xE734, 0xE734, 0xE734, 0xE734, 0xE734, 0xE734, 0xE734, 0xEE33, 0xE734, 0xEE33, 0xEE33,
  0xEE33, 0xEE33, 0xEE33, 0xEE33, 0xEE33, 0xEE33, 0xEE33, 0xE734, 0xEE33, 0xE734, 0xEE33, 0xE734,
  0xEE33, 0xE734, 0xE734, 0xE734, 0xE734, 0xE734, 0xE734, 0xE734, 0xE734, 0xE734, 0xE734, 0xE734,
  0xE734, 0xE734, 0xE734, 0xE734, 0xE734, 0xE734, 0xE734, 0xE734, 0xE734, 0xE734, 0xE734, 0xE734,
  0xE734, 0xE734, 0xE734, 0xE734, 0xEE33, 0xE734, 0xEE33, 0xE734, 0xEE33, 0xE734, 0xEE33, 0xE734,
  0xE734, 0xE734, 0xE734, 0xE734, 0xEE33, 0xE734, 0xEE33, 0xE734, 0xEE33, 0xE734, 0xE734, 0xE734,
  0xEE33, 0xE734, 0xEE33, 0xE734, 0xEE33, 0xE734, 0xE734, 0xE734, 0xE734, 0xE734, 0xE734, 0xE734,
  0xE734, 0xE734, 0xE734, 0xE734, 0xE734, 0xE734, 0xE734, 0xE734, 0xE734, 0xE734, 0xE734, 0xE734,
  0xE734, 0xE734, 0xE734, 0xE734, 0xE734, 0xE734, 0xE734, 0xE734, 0xE734, 0xE734, 0xE734, 0xE734,
  0xE734, 0xE734, 0xEE33, 0xE734, 0xE734, 0xE734, 0xE734, 0xE734, 0xEE33, 0xE734, 0xEE33, 0xEE33,
  0xEE33, 0xEE33, 0xEE33, 0xEE33, 0xEE33, 0xEE33, 0xEE33, 0xE734, 0xE734, 0xE734, 0xEE33, 0xE734,
  0xE734, 0xE734, 0xE734, 0xE734, 0xE734, 0xE734, 0xE734, 0xE734, 0xE734, 0xEE33, 0xE734, 0xEE33,
  0xE734, 0xE734, 0xE734, 0xEE33, 0xEE33, 0xEE33, 0xEE33, 0xEE33, 0xE734, 0xE734, 0xE734, 0xEE33,
  0xE734, 0xEE33, 0xE734, 0xE734, 0xE734, 0xE734, 0xE734, 0xE734, 0xE734, 0xE734, 0xE734, 0xE734,
  0xE734, 0xEE33, 0xEE33, 0xEE33, 0xE734, 0xEE33, 0xE734, 0xEE33, 0xE734, 0xEE33, 0xE734, 0xEE33,
  0xE734, 0xEE33, 0xE734, 0xEE33, 0xE734, 0xEE33, 0xE734, 0xE734, 0xE734, 0xEE33, 0xE734, 0xE734,
  0xE734, 0xE734, 0xE734, 0xE734, 0xE734, 0xE734, 0xE734, 0xE734, 0xE734, 0xE734, 0xE734, 0xE734,
  0xE734, 0xE734, 0xE734, 0xE734, 0xE734, 0xE734, 0xE734, 0xEE33, 0xE734, 0xEE33, 0xE734, 0xEE33,
  0xE734, 0xEE33, 0xE734, 0xE734, 0xE734, 0xE734, 0xE734, 0xEE33, 0xE734, 0xEE33, 0xE734, 0xEE33,
  0xE734, 0xE734, 0xE734, 0xEE33, 0xE734, 0xEE33, 0xE734, 0xEE33, 0xE734, 0xE734, 0xE734, 0xE734,
  0xE734, 0xE734, 0xE734, 0xE734, 0xE734, 0xE734, 0xE734, 0xE734, 0xE734, 0xE734, 0xE734, 0xE734,
  0xE734, 0xE734, 0xE734, 0xE734, 0xE734, 0xE734, 0xE734, 0xE734, 0xE734, 0xE734, 0xE734, 0xE734,
  0xE734, 0xE734, 0xE734, 0xE734, 0xE734, 0xE734, 0xE734, 0xE734, 0xE734, 0xE734, 0xE734, 0xEE33,
  0xE734, 0xEE33, 0xEE33, 0xEE33, 0xE734, 0xEE33, 0xEE33, 0xEE33, 0xE734, 0xEE33, 0xEE33, 0xEE33,
  0xE734, 0xEE33, 0xE734, 0xE734, 0xE734, 0xE734, 0xE734, 0xE734, 0xE734, 0xE734, 0xE734, 0xE734,
  0xEE33, 0xEE33, 0xEE33, 0xEE33, 0xEE33, 0xE734, 0xE734, 0xEE33, 0xEE33, 0xEE33, 0xEE33, 0xEE33,
  0xEE33, 0xE734, 0xEE33, 0xE734, 0xEE33, 0xE734, 0xE734, 0xE734, 0xE734, 0xE734, 0xE734, 0xE734,
  0xE734, 0xE734, 0xE734, 0xE734, 0xEE33, 0xEE33, 0xEE33, 0xE734, 0xEE33, 0xE734, 0xEE33, 0xE734,
  0xEE33, 0xE734, 0xEE33, 0xE734, 0xEE33, 0xE734, 0xEE33, 0xE734, 0xE734, 0xE734, 0xE734, 0xE734,
  0xEE33, 0xE734, 0xE734, 0xE734, 0xE734, 0xE734, 0xE734, 0xE734, 0xE734, 0xE734, 0xE734, 0xE734,
  0xE734, 0xE734, 0xE734, 0xE734, 0xE734, 0xE734, 0xE734, 0xE734, 0xE734, 0xE734, 0xEE33, 0xE734,
  0xEE33, 0xE734, 0xEE33, 0xEE33, 0xEE33, 0xE734, 0xE734, 0xE734, 0xE734, 0xE734, 0xEE33, 0xE734,
  0xEE33, 0xE734, 0xEE33, 0xE734, 0xE734, 0xE734, 0xEE33, 0xE734, 0xE734, 0xE734, 0xEE33, 0xE734,
  0xE734, 0xE734, 0xEE33, 0xE734, 0xE734, 0xE734, 0xE734, 0xE734, 0xE734, 0xE734, 0xE734, 0xE734,
  0xEE33, 0xE734, 0xE734, 0xE734, 0xE734, 0xE734, 0xE734, 0xE734, 0xE734, 0xE734, 0xE734, 0xE734,
  0xE734, 0xE734, 0xE734, 0xE734, 0xE734, 0xE734, 0xE734, 0xE734, 0xE734, 0xE734, 0xE734, 0xE734,
  0xE734, 0xE734, 0xEE33, 0xEE33, 0xEE33, 0xEE33, 0xEE33, 0xEE33, 0xEE33, 0xE734, 0xEE33, 0xE734,
  0xEE33, 0xE734, 0xEE33, 0xE734, 0xEE33, 0xE734, 0xE734, 0xE734, 0xE734, 0xE734, 0xE734, 0xE734,
  0xE734, 0xE734, 0xE734, 0xEE33, 0xEE33, 0xEE33, 0xEE33, 0xEE33, 0xE734, 0xE734, 0xE734, 0xE734,
  0xE734, 0xEE33, 0xEE33, 0xEE33, 0xE734, 0xEE33, 0xE734, 0xE734, 0xE734, 0xE734, 0xE734, 0xE734,
  0xE734, 0xE734, 0xE734, 0xE734, 0xE734, 0xE734, 0xE734, 0xEE33, 0xEE33, 0xEE33, 0xEE33, 0xEE33,
  0xE734, 0xEE33, 0xE734, 0xEE33, 0xE734, 0xEE33, 0xE734, 0xEE33, 0xE734, 0xEE33, 0xE734, 0xEE33,
  0xE734, 0xE734, 0xE734, 0xE734, 0xE734, 0xE734, 0xE734, 0xE734, 0xE734, 0xE734, 0xE734, 0xE734,
  0xE734, 0xE734, 0xE734, 0xE734, 0xE734, 0xE734, 0xE734, 0xE734, 0xE734, 0xE734, 0xE734, 0xE734,
  0xE734, 0xEE33, 0xE734, 0xEE33, 0xE734, 0xEE33, 0xEE33, 0xEE33, 0xE734, 0xE734, 0xE734, 0xEE33,
  0xE734, 0xEE33, 0xE734, 0xEE33, 0xE734, 0xEE33, 0xE734, 0xE734, 0xE734, 0xEE33, 0xE734, 0xE734,
  0xE734, 0xEE33, 0xE734, 0xE734, 0xE734, 0xEE33, 0xE734, 0xE734, 0xE734, 0xEE33, 0xE734, 0xE734,
  0xE734, 0xE734, 0xE734, 0xEE33, 0xE734, 0xE734, 0xE734, 0xE734, 0xE734, 0xE734, 0xE734, 0xE734,
  0xE734, 0xE734, 0xE734, 0xE734, 0xE734, 0xE734, 0xE734, 0xE734, 0xE734, 0xE734, 0xE734, 0xE734,
  0xE734, 0xE734, 0xE734, 0xEE33, 0xE734, 0xEE33, 0xEE33, 0xEE33, 0xEE33, 0xEE33, 0xEE33, 0xEE33,
  0xE734, 0xEE33, 0xE734, 0xEE33, 0xE734, 0xEE33, 0xE734, 0xEE33, 0xE734, 0xE734, 0xE734, 0xE734,
  0xE734, 0xE734, 0xE734, 0xE734, 0xE734, 0xE734, 0xEE33, 0xEE33, 0xEE33, 0xEE33, 0xEE33, 0xE734,
  0xEE33, 0xE734, 0xEE33, 0xE734, 0xEE33, 0xEE33, 0xEE33, 0xEE33, 0xEE33, 0xEE33, 0xEE33, 0xE734,
  0xEE33, 0xE734, 0xE734, 0xE734, 0xE734, 0xE734, 0xE734, 0xE734, 0xE734, 0xE734, 0xEE33, 0xEE33,
  0xEE33, 0xE734, 0xEE33, 0xE734, 0xEE33, 0xE734, 0xEE33, 0xE734, 0xEE33, 0xE734, 0xEE33, 0xE734,
  0xE734, 0xE734, 0xEE33, 0xE734, 0xE734, 0xE734, 0xE734, 0xE734, 0xE734, 0xE734, 0xE734, 0xE734,
  0xE734, 0xE734, 0xE734, 0xE734, 0xE734, 0xE734, 0xE734, 0xE734, 0xE734, 0xE734, 0xE734, 0xE734,
  0xE734, 0xE734, 0xE734, 0xE734, 0xEE33, 0xE734, 0xEE33, 0xE734, 0xE734, 0xE734, 0xEE33, 0xEE33,
  0xEE33, 0xE734, 0xEE33, 0xE734, 0xEE33, 0xEE33, 0xEE33, 0xEE33, 0xEE33, 0xE734, 0xEE33, 0xE734,
  0xEE33, 0xE734, 0xE734, 0xE734, 0xEE33, 0xE734, 0xE734, 0xE734, 0xEE33, 0xE734, 0xE734, 0xE734,
  0xEE33, 0xE734, 0xE734, 0xE734, 0xE734, 0xE734, 0xEE33, 0xEE33, 0xEE33, 0xE734, 0xE734, 0xE734,
  0xE734, 0xE734, 0xE734, 0xE734, 0xE734, 0xE734, 0xE734, 0xE734, 0xE734, 0xE734, 0xE734, 0xE734,
  0xE734, 0xE734, 0xE734, 0xE734, 0xEE33, 0xE734, 0xEE33, 0xE734, 0xEE33, 0xEE33, 0xEE33, 0xEE33,
  0xEE33, 0xEE33, 0xEE33, 0xE734, 0xEE33, 0xE734, 0xEE33, 0xE734, 0xEE33, 0xE734, 0xEE33, 0xE734,
  0xE734, 0xE734, 0xE734, 0xE734, 0xE734, 0xE734, 0xE734, 0xE734, 0xE734, 0xE734, 0xE734, 0xEE33,
  0xEE33, 0xEE33, 0xEE33, 0xEE33, 0xE734, 0xEE33, 0xE734, 0xE734, 0xE734, 0xEE33, 0xEE33, 0xEE33,
  0xE734, 0xEE33, 0xE734, 0xEE33, 0xE734, 0xE734, 0xE734, 0xE734, 0xE734, 0xE734, 0xE734, 0xE734,
  0xE734, 0xEE33, 0xEE33, 0xEE33, 0xEE33, 0xEE33, 0xE734, 0xEE33, 0xE734, 0xE734, 0xE734, 0xE734,
  0xE734, 0xE734, 0xE734, 0xE734, 0xE734, 0xEE33, 0xE734, 0xE734, 0xE734, 0xE734, 0xE734, 0xE734,
  0xE734, 0xE734, 0xE734, 0xE734, 0xE734, 0xE734, 0xE734, 0xE734, 0xE734, 0xE734, 0xE734, 0xE734,
  0xE734, 0xE734, 0xE734, 0xE734, 0xE734, 0xE734, 0xE734, 0xEE33, 0xE734, 0xE734, 0xE734, 0xE734,
  0xE734, 0xEE33, 0xE734, 0xEE33, 0xEE33, 0xEE33, 0xE734, 0xEE33, 0xEE33, 0xEE33, 0xEE33, 0xEE33,
  0xE734, 0xEE33, 0xE734, 0xEE33, 0xEE33, 0xEE33, 0xE734, 0xEE33, 0xE734, 0xEE33, 0xE734, 0xEE33,
  0xE734, 0xE734, 0xE734, 0xEE33, 0xE734, 0xE734, 0xE734, 0xE734, 0xE734, 0xEE33, 0xE734, 0xEE33,
  0xE734, 0xE734, 0xE734, 0xE734, 0xE734, 0xE734, 0xE734, 0xE734, 0xE734, 0xE734, 0xE734, 0xE734,
  0xE734, 0xE734, 0xE734, 0xE734, 0xE734, 0xE734, 0xE734, 0xEE33, 0xEE33, 0xEE33, 0xE734, 0xEE33,
  0xEE33, 0xEE33, 0xEE33, 0xEE33, 0xEE33, 0xEE33, 0xE734, 0xEE33, 0xE734, 0xEE33, 0xE734, 0xE734,
  0xE734, 0xE734, 0xE734, 0xEE33, 0xE734, 0xE734, 0xE734, 0xE734, 0xE734, 0xE734, 0xE734, 0xE734,
  0xE734, 0xE734, 0xEE33, 0xE734, 0xEE33, 0xEE33, 0xEE33, 0xEE33, 0xEE33, 0xE734, 0xEE33, 0xE734,
  0xE734, 0xE734, 0xEE33, 0xE734, 0xEE33, 0xE734, 0xEE33, 0xE734, 0xE734, 0xE734, 0xE734, 0xE734,
  0xE734, 0xE734, 0xE734, 0xE734, 0xE734, 0xE734, 0xEE33, 0xE734, 0xEE33, 0xE734, 0xE734, 0xE734,
  0xE734, 0xE734, 0xEE33, 0xE734, 0xE734, 0xE734, 0xE734, 0xE734, 0xE734, 0xE734, 0xE734, 0xE734,
  0xE734, 0xE734, 0xE734, 0xE734, 0xE734, 0xE734, 0xE734, 0xE734, 0xE734, 0xE734, 0xE734, 0xE734,
  0xE734, 0xE734, 0xE734, 0xE734, 0xE734, 0xE734, 0xE734, 0xE734, 0xE734, 0xE734, 0xE734, 0xE734,
  0xE734, 0xE734, 0xE734, 0xE734, 0xEE33, 0xE734, 0xEE33, 0xE734, 0xEE33, 0xEE33, 0xEE33, 0xEE33,
  0xEE33, 0xEE33, 0xEE33, 0xE734, 0xEE33, 0xE734, 0xEE33, 0xEE33, 0xEE33, 0xE734, 0xEE33, 0xE734,
  0xEE33, 0xE734, 0xEE33, 0xE734, 0xE734, 0xE734, 0xEE33, 0xE734, 0xE734, 0xE734, 0xE734, 0xE734,
  0xEE33, 0xE734, 0xE734, 0xE734, 0xE734, 0xE734, 0xE734, 0xE734, 0xE734, 0xE734, 0xE734, 0xE734,
  0xE734, 0xE734, 0xE734, 0xE734, 0xE734, 0xE734, 0xE734, 0xE734, 0xE734, 0xE734, 0xEE33, 0xE734,
  0xEE33, 0xE734, 0xEE33, 0xE734, 0xEE33, 0xE734, 0xEE33, 0xEE33, 0xEE33, 0xEE33, 0xEE33, 0xE734,
  0xEE33, 0xE734, 0xEE33, 0xE734, 0xE734, 0xE734, 0xEE33, 0xE734, 0xE734, 0xE734, 0xE734, 0xE734,
  0xE734, 0xE734, 0xE734, 0xE734, 0xE734, 0xE734, 0xE734, 0xEE33, 0xE734, 0xEE33, 0xE734, 0xEE33,
  0xE734, 0xEE33, 0xE734, 0xEE33, 0xE734, 0xEE33, 0xE734, 0xEE33, 0xE734, 0xEE33, 0xE734, 0xE734,
  0xE734, 0xE734, 0xE734, 0xE734, 0xE734, 0xE734, 0xE734, 0xE734, 0xE734, 0xEE33, 0xE734, 0xEE33,
  0xE734, 0xE734, 0xE734, 0xEE33, 0xE734, 0xE734, 0xE734, 0xE734, 0xE734, 0xE734, 0xE734, 0xE734,
  0xE734, 0xE734, 0xE734, 0xE734, 0xE734, 0xE734, 0xE734, 0xE734, 0xE734, 0xE734, 0xE734, 0xE734,
  0xE734, 0xE734, 0xE734, 0xE734, 0xE734, 0xE734, 0xE734, 0xE734, 0xE734, 0xE734, 0xE734, 0xE734,
  0xE734, 0xE734, 0xE734, 0xE734, 0xE734, 0xE734, 0xE734, 0xE734, 0xE734, 0xEE33, 0xE734, 0xEE33,
  0xE734, 0xEE33, 0xEE33, 0xEE33, 0xEE33, 0xEE33, 0xE734, 0xEE33, 0xEE33, 0xEE33, 0xEE33, 0xEE33,
  0xEE33, 0xEE33, 0xE734, 0xEE33, 0xE734, 0xEE33, 0xEE33, 0xEE33, 0xE734, 0xEE33, 0xE734, 0xE734,
  0xE734, 0xEE33, 0xE734, 0xEE33, 0xE734, 0xE734, 0xE734, 0xE734, 0xE734, 0xEE33, 0xE734, 0xE734,
  0xE734, 0xE734, 0xE734, 0xE734, 0xE734, 0xE734, 0xE734, 0xE734, 0xE734, 0xE734, 0xE734, 0xE734,
  0xE734, 0xEE33, 0xE734, 0xEE33, 0xE734, 0xEE33, 0xE734, 0xEE33, 0xEE33, 0xEE33, 0xEE33, 0xEE33,
  0xE734, 0xEE33, 0xE734, 0xEE33, 0xE734, 0xEE33, 0xE734, 0xE734, 0xE734, 0xEE33, 0xE734, 0xE734,
  0xE734, 0xE734, 0xE734, 0xE734, 0xE734, 0xE734, 0xE734, 0xEE33, 0xE734, 0xE734, 0xE734, 0xE734,
  0xE734, 0xE734, 0xE734, 0xE734, 0xE734, 0xE734, 0xEE33, 0xE734, 0xEE33, 0xE734, 0xEE33, 0xE734,
  0xEE33, 0xE734, 0xE734, 0xE734, 0xEE33, 0xE734, 0xE734, 0xE734, 0xE734, 0xE734, 0xE734, 0xE734,
  0xE734, 0xE734, 0xE734, 0xE734, 0xE734, 0xE734, 0xEE33, 0xE734, 0xE734, 0xE734, 0xE734, 0xE734,
  0xE734, 0xE734, 0xE734, 0xE734, 0xE734, 0xE734, 0xE734, 0xE734, 0xE734, 0xE734, 0xE734, 0xE734,
  0xE734, 0xE734, 0xE734, 0xE734, 0xE734, 0xE734, 0xE734, 0xE734, 0xE734, 0xE734, 0xE734, 0xE734,
  0xE734, 0xE734, 0xE734, 0xE734, 0xE734, 0xE734, 0xE734, 0xE734, 0xE734, 0xE734, 0xE734, 0xE734,
  0xE734, 0xE734, 0xEE33, 0xE734, 0xEE33, 0xEE33, 0xEE33, 0xE734, 0xEE33, 0xEE33, 0xEE33, 0xEE33,
  0xEE33, 0xEE33, 0xEE33, 0xEE33, 0xEE33, 0xEE33, 0xEE33, 0xEE33, 0xEE33, 0xEE33, 0xEE33, 0xE734,
  0xEE33, 0xE734, 0xEE33, 0xE734, 0xEE33, 0xE734, 0xEE33, 0xE734, 0xEE33, 0xE734, 0xE734, 0xE734,
  0xEE33, 0xE734, 0xE734, 0xE734, 0xE734, 0xE734, 0xE734, 0xE734, 0xE734, 0xE734, 0xE734, 0xE734,
  0xE734, 0xE734, 0xE734, 0xE734, 0xEE33, 0xE734, 0xE734, 0xE734, 0xEE33, 0xE734, 0xEE33, 0xEE33,
  0xEE33, 0xEE33, 0xEE33, 0xE734, 0xEE33, 0xE734, 0xEE33, 0xE734, 0xEE33, 0xE734, 0xE734, 0xE734,
  0xE734, 0xE734, 0xE734, 0xE734, 0xE734, 0xE734, 0xE734, 0xE734, 0xE734, 0xE734, 0xEE33, 0xE734,
  0xE734, 0xE734, 0xE734, 0xE734, 0xE734, 0xE734, 0xE734, 0xE734, 0xE734, 0xEE33, 0xE734, 0xEE33,
  0xE734, 0xEE33, 0xE734, 0xEE33, 0xE734, 0xEE33, 0xE734, 0xEE33, 0xE734, 0xE734, 0xE734, 0xE734,
  0xE734, 0xE734, 0xE734, 0xE734, 0xE734, 0xE734, 0xE734, 0xE734, 0xE734, 0xEE33, 0xEE33, 0xEE33,
  0xE734, 0xEE33, 0xE734, 0xE734, 0xE734, 0xE734, 0xE734, 0xE734, 0xE734, 0xE734, 0xE734, 0xE734,
  0xE734, 0xE734, 0xE734, 0xE734, 0xE734, 0xE734, 0xE734, 0xE734, 0xE734, 0xE734, 0xE734, 0xE734,
  0xE734, 0xE734, 0xE734, 0xE734, 0xE734, 0xE734, 0xE734, 0xE734, 0xE734, 0xE734, 0xE734, 0xE734,
  0xE734, 0xE734, 0xE734, 0xE734, 0xE734, 0xEE33, 0xE734, 0xE734, 0xE734, 0xEE33, 0xE734, 0xE734,
  0xE734, 0xEE33, 0xE734, 0xEE33, 0xE734, 0xEE33, 0xEE33, 0xEE33, 0xEE33, 0xEE33, 0xEE33, 0xEE33,
  0xEE33, 0xEE33, 0xEE33, 0xEE33, 0xEE33, 0xEE33, 0xE734, 0xEE33, 0xE734, 0xEE33, 0xE734, 0xEE33,
  0xE734, 0xE734, 0xE734, 0xEE33, 0xE734, 0xE734, 0xE734, 0xE734, 0xE734, 0xE734, 0xE734, 0xE734,
  0xE734, 0xE734, 0xE734, 0xE734, 0xE734, 0xE734, 0xE734, 0xE734, 0xE734, 0xE734, 0xE734, 0xEE33,
  0xE734, 0xEE33, 0xEE33, 0xEE33, 0xEE33, 0xEE33, 0xEE33, 0xEE33, 0xE734, 0xE734, 0xE734, 0xEE33,
  0xE734, 0xEE33, 0xE734, 0xE734, 0xE734, 0xE734, 0xE734, 0xE734, 0xE734, 0xEE33, 0xE734, 0xEE33,
  0xE734, 0xEE33, 0xE734, 0xEE33, 0xE734, 0xE734, 0xE734, 0xE734, 0xE734, 0xE734, 0xE734, 0xE734,
  0xEE33, 0xE734, 0xEE33, 0xEE33, 0xEE33, 0xE734, 0xEE33, 0xEE33, 0xEE33, 0xEE33, 0xEE33, 0xE734,
  0xE734, 0xE734, 0xE734, 0xE734, 0xE734, 0xE734, 0xE734, 0xE734, 0xE734, 0xE734, 0xE734, 0xE734,
  0xEE33, 0xE734, 0xEE33, 0xEE33, 0xEE33, 0xE734, 0xE734, 0xE734, 0xE734, 0xE734, 0xE734, 0xE734,
  0xE734, 0xE734, 0xE734, 0xE734, 0xE734, 0xE734, 0xE734, 0xE734, 0xE734, 0xE734, 0xE734, 0xE734,
  0xE734, 0xE734, 0xE734, 0xE734, 0xE734, 0xE734, 0xE734, 0xE734, 0xE734, 0xE734, 0xE734, 0xE734,
  0xE734, 0xE734, 0xE734, 0xE734, 0xE734, 0xE734, 0xE734, 0xE734, 0xE734, 0xE734, 0xE734, 0xE734,
  0xEE33, 0xE734, 0xE734, 0xE734, 0xEE33, 0xE734, 0xEE33, 0xE734, 0xEE33, 0xE734, 0xEE33, 0xEE33,
  0xEE33, 0xEE33, 0xEE33, 0xEE33, 0xEE33, 0xEE33, 0xEE33, 0xEE33, 0xEE33, 0xEE33, 0xEE33, 0xE734,
  0xEE33, 0xE734, 0xEE33, 0xEE33, 0xEE33, 0xE734, 0xEE33, 0xE734, 0xE734, 0xE734, 0xE734, 0xE734,
  0xE734, 0xE734, 0xE734, 0xE734, 0xE734, 0xE734, 0xE734, 0xE734, 0xE734, 0xE734, 0xE734, 0xE734,
  0xE734, 0xE734, 0xEE33, 0xE734, 0xEE33, 0xEE33, 0xEE33, 0xE734, 0xEE33, 0xEE33, 0xEE33, 0xE734,
  0xE734, 0xE734, 0xEE33, 0xE734, 0xEE33, 0xE734, 0xE734, 0xE734, 0xE734, 0xE734, 0xE734, 0xE734,
  0xEE33, 0xE734, 0xEE33, 0xE734, 0xEE33, 0xE734, 0xEE33, 0xEE33, 0xE734, 0xE734, 0xE734, 0xE734,
  0xE734, 0xE734, 0xE734, 0xE734, 0xE734, 0xEE33, 0xEE33, 0xEE33, 0xE734, 0xEE33, 0xE734, 0xEE33,
  0xEE33, 0xEE33, 0xE734, 0xEE33, 0xE734, 0xEE33, 0xE734, 0xE734, 0xE734, 0xEE33, 0xE734, 0xE734,
  0xE734, 0xE734, 0xE734, 0xE734, 0xE734, 0xEE33, 0xEE33, 0xEE33, 0xE734, 0xEE33, 0xE734, 0xE734,
  0xE734, 0xEE33, 0xE734, 0xE734, 0xE734, 0xE734, 0xE734, 0xE734, 0xE734, 0xE734, 0xE734, 0xE734,
  0xE734, 0xE734, 0xE734, 0xE734, 0xE734, 0xE734, 0xE734, 0xE734, 0xE734, 0xE734, 0xE734, 0xE734,
  0xE734, 0xE734, 0xE734, 0xE734, 0xE734, 0xE734, 0xE734, 0xE734, 0xE734, 0xE734, 0xE734, 0xE734,
  0xE734, 0xE734, 0xE734, 0xEE33, 0xE734, 0xE734, 0xE734, 0xEE33, 0xEE33, 0xEE33, 0xE734, 0xE734,
  0xE734, 0xEE33, 0xE734, 0xEE33, 0xE734, 0xEE33, 0xEE33, 0xEE33, 0xEE33, 0xEE33, 0xEE33, 0xEE33,
  0xEE33, 0xEE33, 0xE734, 0xEE33, 0xEE33, 0xEE33, 0xEE33, 0xEE33, 0xE734, 0xEE33, 0xE734, 0xEE33,
  0xE734, 0xE734, 0xE734, 0xE734, 0xE734, 0xE734, 0xE734, 0xE734, 0xE734, 0xE734, 0xE734, 0xE734,
  0xE734, 0xE734, 0xE734, 0xE734, 0xE734, 0xEE33, 0xE734, 0xEE33, 0xEE33, 0xEE33, 0xE734, 0xEE33,
  0xEE33, 0xEE33, 0xE734, 0xE734, 0xE734, 0xEE33, 0xE734, 0xEE33, 0xE734, 0xE734, 0xE734, 0xEE33,
  0xE734, 0xE734, 0xE734, 0xE734, 0xE734, 0xE734, 0xE734, 0xEE33, 0xE734, 0xEE33, 0xEE33, 0xEE33,
  0xE734, 0xE734, 0xE734, 0xE734, 0xE734, 0xE734, 0xE734, 0xE734, 0xEE33, 0xEE33, 0xEE33, 0xEE33,
  0xEE33, 0xEE33, 0xEE33, 0xEE33, 0xEE33, 0xE734, 0xEE33, 0xEE33, 0xEE33, 0xE734, 0xE734, 0xE734,
  0xEE33, 0xE734, 0xE734, 0xE734, 0xE734, 0xE734, 0xE734, 0xE734, 0xEE33, 0xE734, 0xEE33, 0xE734,
  0xEE33, 0xE734, 0xEE33, 0xE734, 0xEE33, 0xE734, 0xE734, 0xE734, 0xE734, 0xE734, 0xE734, 0xE734,
  0xE734, 0xE734, 0xE734, 0xE734, 0xE734, 0xE734, 0xE734, 0xE734, 0xE734, 0xE734, 0xE734, 0xE734,
  0xE734, 0xE734, 0xE734, 0xE734, 0xE734, 0xE734, 0xE734, 0xE734, 0xE734, 0xE734, 0xE734, 0xE734,
  0xE734, 0xE734, 0xE734, 0xE734, 0xE734, 0xE734, 0xEE33, 0xE734, 0xE734, 0xE734, 0xE734, 0xE734,
  0xEE33, 0xE734, 0xE734, 0xE734, 0xEE33, 0xE734, 0xEE33, 0xE734, 0xE734, 0xE734, 0xEE33, 0xE734,
  0xEE33, 0xEE33, 0xEE33, 0xEE33, 0xEE33, 0xEE33, 0xEE33, 0xEE33, 0xEE33, 0xEE33, 0xEE33, 0xEE33,
  0xEE33, 0xE734, 0xEE33, 0xE734, 0xE734, 0xE734, 0xE734, 0xE734, 0xE734, 0xE734, 0xE734, 0xE734,
  0xE734, 0xE734, 0xE734, 0xE734, 0xE734, 0xE734, 0xE734, 0xE734, 0xEE33, 0xE734, 0xEE33, 0xEE33,
  0xEE33, 0xEE33, 0xEE33, 0xEE33, 0xEE33, 0xE734, 0xE734, 0xE734, 0xEE33, 0xE734, 0xEE33, 0xE734,
  0xE734, 0xE734, 0xEE33, 0xE734, 0xE734, 0xE734, 0xE734, 0xE734, 0xE734, 0xE734, 0xEE33, 0xE734,
  0xEE33, 0xE734, 0xEE33, 0xE734, 0xE734, 0xE734, 0xE734, 0xE734, 0xE734, 0xEE33, 0xE734, 0xEE33,
  0xEE33, 0xEE33, 0xEE33, 0xEE33, 0xEE33, 0xEE33, 0xEE33, 0xEE33, 0xE734, 0xEE33, 0xE734, 0xEE33,
  0xE734, 0xE734, 0xE734, 0xEE33, 0xE734, 0xE734, 0xE734, 0xE734, 0xE734, 0xE734, 0xE734, 0xEE33,
  0xEE33, 0xEE33, 0xEE33, 0xEE33, 0xEE33, 0xEE33, 0xE734, 0xEE33, 0xE734, 0xE734, 0xE734, 0xEE33,
  0xE734, 0xE734, 0xE734, 0xE734, 0xE734, 0xE734, 0xE734, 0xE734, 0xE734, 0xE734, 0xE734, 0xE734,
  0xE734, 0xE734, 0xE734, 0xE734, 0xE734, 0xE734, 0xE734, 0xE734, 0xE734, 0xE734, 0xE734, 0xE734,
  0xE734, 0xE734, 0xE734, 0xE734, 0xE734, 0xE734, 0xE734, 0xE734, 0xE734, 0xE734, 0xE734, 0xE734,
  0xE734, 0xE734, 0xE734, 0xEE33, 0xE734, 0xE734, 0xE734, 0xEE33, 0xE734, 0xE734, 0xE734, 0xE734,
  0xE734, 0xEE33, 0xE734, 0xEE33, 0xE734, 0xEE33, 0xEE33, 0xEE33, 0xEE33, 0xEE33, 0xEE33, 0xEE33,
  0xEE33, 0xEE33, 0xEE33, 0xEE33, 0xE734, 0xEE33, 0xE734, 0xE734, 0xE734, 0xE734, 0xE734, 0xE734,
  0xE734, 0xE734, 0xE734, 0xE734, 0xE734, 0xE734, 0xE734, 0xE734, 0xE734, 0xE734, 0xE734, 0xEE33,
  0xE734, 0xEE33, 0xEE33, 0xEE33, 0xEE33, 0xEE33, 0xEE33, 0xEE33, 0xEE33, 0xEE33, 0xE734, 0xEE33,
  0xE734, 0xE734, 0xE734, 0xE734, 0xE734, 0xEE33, 0xE734, 0xE734, 0xE734, 0xE734, 0xE734, 0xEE33,
  0xE734, 0xEE33, 0xE734, 0xEE33, 0xEE33, 0xEE33, 0xE734, 0xEE33, 0xE734, 0xE734, 0xE734, 0xE734,
  0xEE33, 0xE734, 0xEE33, 0xEE33, 0xEE33, 0xEE33, 0xEE33, 0xEE33, 0xEE33, 0xEE33, 0xEE33, 0xEE33,
  0xEE33, 0xE734, 0xEE33, 0xE734, 0xEE33, 0xE734, 0xEE33, 0xEE33, 0xEE33, 0xE734, 0xE734, 0xE734,
  0xE734, 0xE734, 0xEE33, 0xE734, 0xEE33, 0xE734, 0xEE33, 0xEE33, 0xEE33, 0xEE33, 0xEE33, 0xE734,
  0xEE33, 0xE734, 0xEE33, 0xE734, 0xE734, 0xE734, 0xEE33, 0xE734, 0xE734, 0xE734, 0xE734, 0xE734,
  0xE734, 0xE734, 0xE734, 0xE734, 0xE734, 0xE734, 0xE734, 0xE734, 0xE734, 0xE734, 0xE734, 0xE734,
  0xE734, 0xE734, 0xE734, 0xE734, 0xE734, 0xE734, 0xE734, 0xE734, 0xE734, 0xE734, 0xE734, 0xE734,
  0xE734, 0xE734, 0xE734, 0xE734, 0xE734, 0xE734, 0xE734, 0xE734, 0xE734, 0xE734, 0xEE33, 0xE734,
  0xE734, 0xE734, 0xE734, 0xE734, 0xE734, 0xE734, 0xEE33, 0xE734, 0xEE33, 0xEE33, 0xEE33, 0xEE33,
  0xEE33, 0xEE33, 0xEE33, 0xEE33, 0xEE33, 0xEE33, 0xEE33, 0xEE33, 0xEE33, 0xE734, 0xEE33, 0xE734,
  0xEE33, 0xE734, 0xE734, 0xE734, 0xE734, 0xE734, 0xE734, 0xE734, 0xE734, 0xE734, 0xE734, 0xE734,
  0xE734, 0xE734, 0xEE33, 0xE734, 0xEE33, 0xE734, 0xEE33, 0xEE33, 0xEE33, 0xE734, 0xEE33, 0xE734,
  0xEE33, 0xE734, 0xEE33, 0xE734, 0xE734, 0xE734, 0xE734, 0xE734, 0xEE33, 0xE734, 0xEE33, 0xE734,
  0xE734, 0xE734, 0xEE33, 0xE734, 0xEE33, 0xE734, 0xEE33, 0xE734, 0xEE33, 0xEE33, 0xEE33, 0xEE33,
  0xE734, 0xE734, 0xE734, 0xEE33, 0xE734, 0xEE33, 0xEE33, 0xEE33, 0xEE33, 0xEE33, 0xEE33, 0xEE33,
  0xEE33, 0xEE33, 0xEE33, 0xEE33, 0xE734, 0xEE33, 0xE734, 0xEE33, 0xE734, 0xEE33, 0xEE33, 0xEE33,
  0xE734, 0xEE33, 0xE734, 0xE734, 0xE734, 0xE734, 0xE734, 0xE734, 0xE734, 0xEE33, 0xEE33, 0xEE33,
  0xEE33, 0xEE33, 0xEE33, 0xEE33, 0xEE33, 0xEE33, 0xE734, 0xEE33, 0xE734, 0xEE33, 0xE734, 0xE734,
  0xE734, 0xE734, 0xE734, 0xE734, 0xE734, 0xE734, 0xE734, 0xE734, 0xE734, 0xE734, 0xE734, 0xE734,
  0xE734, 0xE734, 0xE734, 0xE734, 0xE734, 0xE734, 0xE734, 0xE734, 0xE734, 0xE734, 0xE734, 0xE734,
  0xE734, 0xE734, 0xE734, 0xE734, 0xE734, 0xE734, 0xE734, 0xE734, 0xE734, 0xE734, 0xE734, 0xE734,
  0xE734, 0xE734, 0xE734, 0xE734, 0xE734, 0xE734, 0xE734, 0xE734, 0xE734, 0xEE33, 0xE734, 0xEE33,
  0xE734, 0xEE33, 0xEE33, 0xEE33, 0xEE33, 0xEE33, 0xEE33, 0xEE33, 0xEE33, 0xEE33, 0xEE33, 0xEE33,
  0xE734, 0xEE33, 0xEE33, 0xEE33, 0xE734, 0xE734, 0xE734, 0xE734, 0xE734, 0xE734, 0xE734, 0xE734,
  0xE734, 0xE734, 0xE734, 0xE734, 0xE734, 0xEE33, 0xE734, 0xEE33, 0xE734, 0xEE33, 0xE734, 0xEE33,
  0xE734, 0xEE33, 0xE734, 0xEE33, 0xE734, 0xEE33, 0xE734, 0xE734, 0xE734, 0xE734, 0xE734, 0xEE33,
  0xE734, 0xEE33, 0xE734, 0xE734, 0xE734, 0xEE33, 0xE734, 0xEE33, 0xE734, 0xEE33, 0xE734, 0xEE33,
  0xEE33, 0xEE33, 0xEE33, 0xEE33, 0xE734, 0xE734, 0xEE33, 0xE734, 0xEE33, 0xEE33, 0xEE33, 0xEE33,
  0xEE33, 0xE734, 0xEE33, 0xEE33, 0xEE33, 0xEE33, 0xEE33, 0xE734, 0xEE33, 0xE734, 0xEE33, 0xE734,
  0xEE33, 0xEE33, 0xEE33, 0xE734, 0xEE33, 0xE734, 0xEE33, 0xE734, 0xE734, 0xE734, 0xE734, 0xE734,
  0xEE33, 0xE734, 0xEE33, 0xEE33, 0xEE33, 0xEE33, 0xEE33, 0xEE33, 0xEE33, 0xEE33, 0xEE33, 0xE734,
  0xEE33, 0xE734, 0xEE33, 0xE734, 0xE734, 0xE734, 0xE734, 0xE734, 0xE734, 0xE734, 0xE734, 0xE734,
  0xE734, 0xE734, 0xE734, 0xE734, 0xE734, 0xE734, 0xE734, 0xE734, 0xE734, 0xE734, 0xE734, 0xE734,
  0xE734, 0xE734, 0xE734, 0xE734, 0xE734, 0xE734, 0xE734, 0xE734, 0xE734, 0xE734, 0xE734, 0xE734,
  0xE734, 0xE734, 0xE734, 0xE734, 0xE734, 0xE734, 0xE734, 0xE734, 0xE734, 0xE734, 0xE734, 0xE734,
  0xEE33, 0xE734, 0xEE33, 0xE734, 0xEE33, 0xE734, 0xEE33, 0xEE33, 0xEE33, 0xEE33, 0xEE33, 0xEE33,
  0xEE33, 0xEE33, 0xEE33, 0xEE33, 0xEE33, 0xE734, 0xEE33, 0xE734, 0xE734, 0xE734, 0xE734, 0xE734,
  0xE734, 0xE734, 0xE734, 0xE734, 0xE734, 0xE734, 0xE734, 0xE734, 0xEE33, 0xE734, 0xEE33, 0xE734,
  0xEE33, 0xE734, 0xEE33, 0xE734, 0xEE33, 0xE734, 0xE734, 0xE734, 0xEE33, 0xE734, 0xE734, 0xE734,
  0xE734, 0xE734, 0xEE33, 0xE734, 0xEE33, 0xE734, 0xEE33, 0xE734, 0xEE33, 0xE734, 0xEE33, 0xE734,
  0xEE33, 0xE734, 0xEE33, 0xEE33, 0xEE33, 0xEE33, 0xEE33, 0xEE33
};
const int Background_width  = 160;
const int Background_height = 128;
